id,title,programme,opening_date,deadline,funding_amount,funding_source,official_link,document_link,eligible_applicants,applicant_eligibility_status,partnership_requirements,other_requirements,summary,themes,geography,relevance_score,relevance_category,relevance_explanation,deadline_status
eu-ft-horizon-neb-2026-01-participation-03,Understanding inhabitant’s experiences of neighbourhoods to support their health and well-being,Horizon Europe,2026-05-05,2026-12-01,"€15,000,000 total; até €5,000,000/projeto",EU Funding & Tenders Portal,https://ec.europa.eu/info/funding-tenders/opportunities/portal/screen/opportunities/topic-details/horizon-neb-2026-01-participation-03,"",Municípios ou autoridades locais,known,O texto da oportunidade indica requisitos de consórcio ou parceria; confirmar no aviso oficial.,"","Este programa apoia projetos de investigação e intervenção focados na experiência dos habitantes nos seus bairros, com o objetivo de promover a saúde e o bem-estar comunitário através do desenvolvimento de estratégias urbanas integradas.",community_development; public_space; inclusion,"{""scope""=>""unknown"", ""areas""=>[]}",100,Altamente relevante,"Esta oportunidade é relevante porque aceita autarquias ou entidades públicas como candidatas, tem impacto explícito em comunidades, cidades ou serviços locais, incide em necessidades de interesse público, incide em temas relevantes para políticas locais.",Prazo com margem
eu-ft-horizon-neb-2027-01-participation-01,The transformative potential of co-governance in the green transition of neighbourhoods,Horizon Europe,2027-05-05,2027-12-01,"€10,760,000 total; até €5,380,000/projeto",EU Funding & Tenders Portal,https://ec.europa.eu/info/funding-tenders/opportunities/portal/screen/opportunities/topic-details/horizon-neb-2027-01-participation-01,"",Municípios ou autoridades locais,known,O texto da oportunidade indica requisitos de consórcio ou parceria; confirmar no aviso oficial.,"","Este financiamento apoia projetos de co-governação focados na transição ecológica de bairros, incentivando a participação ativa e modelos de gestão colaborativa ao nível local.",climate; community_development; civic_participation,"{""scope""=>""unknown"", ""areas""=>[]}",100,Altamente relevante,"Esta oportunidade é relevante porque aceita autarquias ou entidades públicas como candidatas, tem impacto explícito em comunidades, cidades ou serviços locais, tem aplicação em políticas públicas ou governação, contribui para uma transição estratégica, incide em temas relevantes para políticas locais.",Prazo com margem
eu-ft-horizon-cl6-2026-01-circbio-04,"Demonstrating and deploying innovative collection, sorting-for-reuse and repair systems for textiles at city/region level (Circular Cities and Regions Initiative topic)",Horizon Europe,2026-04-17,2026-09-23,"€10,000,000 total; até €5,000,000/projeto",EU Funding & Tenders Portal,https://ec.europa.eu/info/funding-tenders/opportunities/portal/screen/opportunities/topic-details/horizon-cl6-2026-01-circbio-04,"",Municípios ou autoridades locais,known,O texto da oportunidade indica requisitos de consórcio ou parceria; confirmar no aviso oficial.,"","Este financiamento apoia a demonstração e implementação de sistemas inovadores para a recolha, triagem para reutilização e reparação de têxteis ao nível das cidades e regiões, no âmbito da Iniciativa de Cidades e Regiões Circulares.",environment; community_development,"{""scope""=>""unknown"", ""areas""=>[]}",96,Altamente relevante,"Esta oportunidade é relevante porque aceita autarquias ou entidades públicas como candidatas, tem impacto explícito em comunidades, cidades ou serviços locais, incide em temas relevantes para políticas locais, tem prazo próximo.",Prazo muito próximo
eu-ft-horizon-miss-2027-05-soil-04-two-stage,Participatory research on the health of communities in contact with polluted soils,Horizon Europe,2027-02-04,2027-04-08,"€11,000,000 total; até €5,500,000/projeto",EU Funding & Tenders Portal,https://ec.europa.eu/info/funding-tenders/opportunities/portal/screen/opportunities/topic-details/horizon-miss-2027-05-soil-04-two-stage,"",Entidades públicas,known,"","","Este financiamento apoia projetos de investigação participativa sobre os impactos na saúde das comunidades expostas a solos poluídos, no âmbito do programa Horizonte Europa.",community_development; environment,"{""scope""=>""unknown"", ""areas""=>[]}",89,Altamente relevante,"Esta oportunidade é relevante porque aceita autarquias ou entidades públicas como candidatas, tem impacto explícito em comunidades, cidades ou serviços locais, incide em necessidades de interesse público, incide em temas relevantes para políticas locais.",Prazo com margem
eu-ft-horizon-neb-2027-01-participation-03,Novel combinations of knowledge and research methods to address social issues and advance a fair green transition of neighbourhoods,Horizon Europe,2027-05-05,2027-12-01,"€14,000,000 total; até €3,500,000/projeto",EU Funding & Tenders Portal,https://ec.europa.eu/info/funding-tenders/opportunities/portal/screen/opportunities/topic-details/horizon-neb-2027-01-participation-03,"",Municípios ou autoridades locais; Entidades públicas,known,O texto da oportunidade indica requisitos de consórcio ou parceria; confirmar no aviso oficial.,"",Este financiamento apoia a utilização de métodos de investigação e combinações de conhecimento inovadoras para enfrentar desafios sociais e promover uma transição ecológica justa em contextos urbanos e bairros.,climate; environment; community_development,"{""scope""=>""unknown"", ""areas""=>[]}",89,Altamente relevante,"Esta oportunidade é relevante porque aceita autarquias ou entidades públicas como candidatas, tem impacto explícito em comunidades, cidades ou serviços locais, contribui para uma transição estratégica, incide em temas relevantes para políticas locais.",Prazo com margem
eu-ft-horizon-miss-2026-01-clima-02,Facilitating implementation of actionable solutions for climate adaptation of regions and local authorities,Horizon Europe,2026-02-04,2026-09-23,"€5,000,000 total; até €5,000,000/projeto",EU Funding & Tenders Portal,https://ec.europa.eu/info/funding-tenders/opportunities/portal/screen/opportunities/topic-details/horizon-miss-2026-01-clima-02,"",Municípios ou autoridades locais,known,O texto da oportunidade indica requisitos de consórcio ou parceria; confirmar no aviso oficial.,"",Este financiamento apoia a execução de soluções práticas e exequíveis de adaptação climática dirigidas a regiões e autoridades locais. O objetivo é facilitar a implementação de estratégias que aumentem a resiliência territorial face às alterações climáticas.,climate; community_development,"{""scope""=>""unknown"", ""areas""=>[]}",88,Altamente relevante,"Esta oportunidade é relevante porque aceita autarquias ou entidades públicas como candidatas, tem impacto explícito em comunidades, cidades ou serviços locais, incide em temas relevantes para políticas locais, tem prazo próximo.",Prazo muito próximo
eu-ft-horizon-cl6-2027-01-circbio-01-two-stage,Deploying circular systemic solutions through living labs in cities and regions (Circular Cities and Regions Initiative topic),Horizon Europe,2027-02-04,2027-04-08,"€10,000,000 total; até €5,000,000/projeto",EU Funding & Tenders Portal,https://ec.europa.eu/info/funding-tenders/opportunities/portal/screen/opportunities/topic-details/horizon-cl6-2027-01-circbio-01-two-stage,"",Municípios ou autoridades locais; Entidades públicas,known,O texto da oportunidade indica requisitos de consórcio ou parceria; confirmar no aviso oficial.,"","Este aviso do Horizonte Europa financia a implementação de soluções sistémicas circulares em cidades e regiões, utilizando laboratórios vivos para testar e escalar inovações. Destina-se a apoiar municípios, autoridades locais e outras entidades públicas na transição para modelos urbanos e regionais de economia circular.",environment; community_development; public_space,"{""scope""=>""unknown"", ""areas""=>[]}",88,Altamente relevante,"Esta oportunidade é relevante porque aceita autarquias ou entidades públicas como candidatas, tem impacto explícito em comunidades, cidades ou serviços locais, incide em temas relevantes para políticas locais.",Prazo com margem
eu-ft-horizon-neb-2026-01-participation-02,Innovative approaches for the spatial design of neighbourhoods,Horizon Europe,2026-05-05,2026-12-01,"€10,000,000 total; até €5,000,000/projeto",EU Funding & Tenders Portal,https://ec.europa.eu/info/funding-tenders/opportunities/portal/screen/opportunities/topic-details/horizon-neb-2026-01-participation-02,"",Municípios ou autoridades locais,known,O texto da oportunidade indica requisitos de consórcio ou parceria; confirmar no aviso oficial.,"","Este financiamento apoia a implementação de abordagens inovadoras no desenho espacial de bairros, promovendo soluções que integrem o planeamento urbano, a qualidade de vida e a sustentabilidade no contexto local.",public_space; community_development; climate,"{""scope""=>""unknown"", ""areas""=>[]}",85,Altamente relevante,"Esta oportunidade é relevante porque aceita autarquias ou entidades públicas como candidatas, tem impacto explícito em comunidades, cidades ou serviços locais, incide em temas relevantes para políticas locais.",Prazo com margem
eu-ft-digital-2026-bestuse-10-ehds,Building capacity to deploy the EEHRxF and digital health services and systems to support the rights of citizens and reuse of health data under EHDS,Europa Digital,2026-04-21,2026-10-01,"€24,400,000 total",EU Funding & Tenders Portal,https://ec.europa.eu/info/funding-tenders/opportunities/portal/screen/opportunities/topic-details/digital-2026-bestuse-10-ehds,"",Entidades públicas,known,O texto da oportunidade indica requisitos de consórcio ou parceria; confirmar no aviso oficial.,"","Este programa financia o desenvolvimento da capacidade de implementação do formato europeu de intercâmbio de registos de saúde eletrónicos (EEHRxF), bem como a criação de serviços e sistemas de saúde digitais para reforçar os direitos dos cidadãos e permitir a reutilização de dados de saúde no contexto do Espaço Europeu de Dados de Saúde.",digital_public_services,"{""scope""=>""unknown"", ""areas""=>[]}",84,Altamente relevante,"Esta oportunidade é relevante porque aceita autarquias ou entidades públicas como candidatas, incide em necessidades de interesse público, incide em temas relevantes para políticas locais, tem prazo próximo.",Prazo muito próximo
eu-ft-horizon-cl2-2026-01-transfo-08,"Strengthened implementation of the EU Pact on Migration and Asylum and a focus on inclusion, integration, and health",Horizon Europe,2026-05-12,2026-09-23,"€12,000,000 total; até €4,000,000/projeto",EU Funding & Tenders Portal,https://ec.europa.eu/info/funding-tenders/opportunities/portal/screen/opportunities/topic-details/horizon-cl2-2026-01-transfo-08,"",Municípios ou autoridades locais,known,O texto da oportunidade indica requisitos de consórcio ou parceria; confirmar no aviso oficial.,"","Este financiamento apoia a implementação do Pacto da UE sobre a Migração e o Asilo, com foco na inclusão, integração e saúde de migrantes. O programa destina-se a municípios e autoridades locais para o desenvolvimento de estratégias nestas áreas.",inclusion,"{""scope""=>""unknown"", ""areas""=>[]}",83,Altamente relevante,"Esta oportunidade é relevante porque aceita autarquias ou entidades públicas como candidatas, incide em necessidades de interesse público, incide em temas relevantes para políticas locais, tem prazo próximo.",Prazo muito próximo
eu-ft-horizon-cl5-2026-10-d6-07,Supporting sustainable and smart urban mobility in Europe (CIVITAS),Horizon Europe,2026-06-04,2026-10-08,"€4,000,000 total; até €4,000,000/projeto",EU Funding & Tenders Portal,https://ec.europa.eu/info/funding-tenders/opportunities/portal/screen/opportunities/topic-details/horizon-cl5-2026-10-d6-07,"",Municípios ou autoridades locais,known,"","","O financiamento visa apoiar o desenvolvimento de mobilidade urbana inteligente e sustentável, promovendo inovações no âmbito da iniciativa CIVITAS no programa Horizonte Europa, direcionado especificamente a municípios ou autoridades locais.",mobility; community_development,"{""scope""=>""unknown"", ""areas""=>[]}",83,Altamente relevante,"Esta oportunidade é relevante porque aceita autarquias ou entidades públicas como candidatas, tem impacto explícito em comunidades, cidades ou serviços locais, incide em temas relevantes para políticas locais, tem prazo próximo.",Prazo muito próximo
eu-ft-horizon-cl3-2026-01-infra-02,Security challenges of the green transition in urban und peri urban areas,Horizon Europe,2026-05-06,2026-11-05,"€4,000,000 total; até €4,000,000/projeto",EU Funding & Tenders Portal,https://ec.europa.eu/info/funding-tenders/opportunities/portal/screen/opportunities/topic-details/horizon-cl3-2026-01-infra-02,"",Entidades públicas,known,O texto da oportunidade indica requisitos de consórcio ou parceria; confirmar no aviso oficial.,"","Este financiamento apoia projetos de investigação e inovação focados nos desafios de segurança decorrentes da transição verde em áreas urbanas e periurbanas, visando proteger infraestruturas e comunidades no âmbito do programa Horizonte Europa.",climate; environment,"{""scope""=>""unknown"", ""areas""=>[]}",83,Altamente relevante,"Esta oportunidade é relevante porque aceita autarquias ou entidades públicas como candidatas, tem impacto explícito em comunidades, cidades ou serviços locais, contribui para uma transição estratégica, incide em temas relevantes para políticas locais, tem janela de preparação curta.",Prazo próximo
pt2030-8526,Formação Avançada,PESSOAS2030,2026-12-01,2027-04-30,"€40,000,000",Portugal 2030,https://portugal2030.pt/plano-anual-de-avisos/#aviso-8526,"",Entidades públicas,known,"",FSE+ · Centro | Algarve | Norte | AML | Alentejo,"Aviso Portugal 2030 para ESO4.6 - Sistemas de educação e formação inclusivos e de qualidade; FSE+; Centro | Algarve | Norte | AML | Alentejo. Consultar o plano oficial para confirmar condições, documentação e candidatura.",inclusion,"{""scope""=>""regional"", ""areas""=>[""Área Metropolitana de Lisboa""]}",83,Altamente relevante,"Esta oportunidade é relevante porque aceita autarquias ou entidades públicas como candidatas, incide em necessidades de interesse público, incide em temas relevantes para políticas locais, tem incidência territorial em Lisboa ou na Área Metropolitana de Lisboa.",Prazo com margem
eu-ft-horizon-miss-2027-04-cit-ccri-04,Advancing circular logistics solutions in cities,Horizon Europe,2027-02-09,2027-10-07,"€22,500,000 total; até €7,500,000/projeto",EU Funding & Tenders Portal,https://ec.europa.eu/info/funding-tenders/opportunities/portal/screen/opportunities/topic-details/horizon-miss-2027-04-cit-ccri-04,"",Municípios ou autoridades locais,known,O texto da oportunidade indica requisitos de consórcio ou parceria; confirmar no aviso oficial.,"","Financiamento para o desenvolvimento de soluções de logística circular em ambientes urbanos, visando otimizar a distribuição de bens e reduzir o impacto ambiental das atividades de transporte e entrega em áreas metropolitanas.",mobility,"{""scope""=>""unknown"", ""areas""=>[]}",83,Altamente relevante,"Esta oportunidade é relevante porque aceita autarquias ou entidades públicas como candidatas, tem impacto explícito em comunidades, cidades ou serviços locais, incide em temas relevantes para políticas locais.",Prazo com margem
eu-ft-horizon-miss-2026-05-soil-03,Enabling user-centred and open innovation initiatives to enhance soil health in Ukraine,Horizon Europe,2026-02-04,2026-09-23,"€5,000,000 total; até €5,000,000/projeto",EU Funding & Tenders Portal,https://ec.europa.eu/info/funding-tenders/opportunities/portal/screen/opportunities/topic-details/horizon-miss-2026-05-soil-03,"",Municípios ou autoridades locais,known,"","",Este financiamento apoia iniciativas de inovação aberta centradas no utilizador destinadas a melhorar a saúde do solo na Ucrânia. O programa visa promover práticas e soluções práticas que contribuam para a preservação e recuperação de solos degradados através do envolvimento de atores locais.,community_development,"{""scope""=>""unknown"", ""areas""=>[]}",82,Altamente relevante,"Esta oportunidade é relevante porque aceita autarquias ou entidades públicas como candidatas, incide em necessidades de interesse público, incide em temas relevantes para políticas locais, tem prazo próximo.",Prazo muito próximo
eu-ft-horizon-miss-2026-04-cit-01,"Energy efficient urban and sub-urban public transport, complemented by shared mobility",Horizon Europe,2026-02-04,2026-10-08,"€20,000,000 total; até €10,000,000/projeto",EU Funding & Tenders Portal,https://ec.europa.eu/info/funding-tenders/opportunities/portal/screen/opportunities/topic-details/horizon-miss-2026-04-cit-01,"",Municípios ou autoridades locais; Entidades públicas,known,O texto da oportunidade indica requisitos de consórcio ou parceria; confirmar no aviso oficial.,"","Este financiamento apoia a implementação de sistemas de transporte público urbano e suburbano energeticamente eficientes, integrados com soluções de mobilidade partilhada, visando melhorar a sustentabilidade e a eficiência das redes de transportes locais.",mobility; climate; environment,"{""scope""=>""unknown"", ""areas""=>[]}",82,Altamente relevante,"Esta oportunidade é relevante porque aceita autarquias ou entidades públicas como candidatas, tem impacto explícito em comunidades, cidades ou serviços locais, incide em temas relevantes para políticas locais, tem prazo próximo.",Prazo muito próximo
sudoe-3rd-call,3rd call,Interreg Sudoe,2026-05-04,2026-05-04,"€1,000,000",Interreg Sudoe,https://interreg-sudoe.eu/en/3rd-call/,"",Entidades públicas; Entidades privadas sem fins lucrativos,known,"Parceria transnacional com pelo menos um beneficiário de Portugal, Espanha e França; confirmar os requisitos no aviso oficial.",Financiamento FEDER até 75%; candidatura em parceria transnacional.,"Launch of the 3rd Interreg Sudoe call: Focus on capitalisation Following two standard calls for projects that supported 76 transnational projects, the Interreg Sudoe programme is launching its third call for proposals, fully focused on capitalisation , with the aim of enhancing the visibility of results from previous calls.",climate; community_development; digital_public_services; environment,"{""scope""=>""transnational"", ""areas""=>[""Portugal"", ""Espanha"", ""França""]}",81,Altamente relevante,"Esta oportunidade é relevante porque aceita autarquias ou entidades públicas como candidatas, incide em temas relevantes para políticas locais, tem prazo próximo.",Prazo ultrapassado
sudoe-4th-call,4th call,Interreg Sudoe,2026-08-28,2026-05-04,"",Interreg Sudoe,https://interreg-sudoe.eu/en/4th-call/,"",Entidades públicas; Entidades privadas sem fins lucrativos,known,"Parceria transnacional com pelo menos um beneficiário de Portugal, Espanha e França; confirmar os requisitos no aviso oficial.",Financiamento FEDER até 75%; candidatura em parceria transnacional.,"Taking action against wildfires and population ageing Following the increase in ERDF funding granted by the European Commission in 2023, the Interreg Sudoe programme is launching a fourth call dedicated to structuring projects. The objective is to provide ambitious transnational solutions to two major challenges in the south‑west European area.",climate; community_development; environment; inclusion,"{""scope""=>""transnational"", ""areas""=>[""Portugal"", ""Espanha"", ""França""]}",81,Altamente relevante,"Esta oportunidade é relevante porque aceita autarquias ou entidades públicas como candidatas, incide em temas relevantes para políticas locais, tem prazo próximo.",Prazo ultrapassado
pt2030-8535,Inquéritos de mobilidade nas Áreas Metropolitana de Lisboa e do Porto,SUSTENTAVEL2030,2027-01-01,2027-06-30,"€1,000,000",Portugal 2030,https://portugal2030.pt/plano-anual-de-avisos/#aviso-8535,"",Entidades públicas,known,"",FC · Norte | AML,"Aviso Portugal 2030 para RSO2.8 - Mobilidade urbana sustentável; FC; Norte | AML. Consultar o plano oficial para confirmar condições, documentação e candidatura.",community_development; environment; mobility; public_space,"{""scope""=>""regional"", ""areas""=>[""Área Metropolitana de Lisboa""]}",81,Altamente relevante,"Esta oportunidade é relevante porque aceita autarquias ou entidades públicas como candidatas, incide em temas relevantes para políticas locais, tem incidência territorial em Lisboa ou na Área Metropolitana de Lisboa.",Prazo com margem
eu-ft-horizon-neb-2027-01-business-03,Anticipating the long-term future of neighbourhoods in line with the New European Bauhaus,Horizon Europe,2027-05-05,2027-12-01,"€7,000,000 total; até €3,500,000/projeto",EU Funding & Tenders Portal,https://ec.europa.eu/info/funding-tenders/opportunities/portal/screen/opportunities/topic-details/horizon-neb-2027-01-business-03,"",Municípios ou autoridades locais,known,"","","Este financiamento apoia projetos alinhados com a Nova Bauhaus Europeia, focados em antecipar o futuro a longo prazo dos bairros através de soluções inovadoras, integradas e sustentáveis ao nível local.",community_development; public_space,"{""scope""=>""unknown"", ""areas""=>[]}",81,Altamente relevante,"Esta oportunidade é relevante porque aceita autarquias ou entidades públicas como candidatas, tem impacto explícito em comunidades, cidades ou serviços locais, incide em temas relevantes para políticas locais.",Prazo com margem
eu-ft-horizon-neb-2026-01-participation-01,Addressing homelessness through housing-led approaches aligned with the New European Bauhaus,Horizon Europe,2026-05-05,2026-12-01,"€12,600,000 total; até €6,300,000/projeto",EU Funding & Tenders Portal,https://ec.europa.eu/info/funding-tenders/opportunities/portal/screen/opportunities/topic-details/horizon-neb-2026-01-participation-01,"",Municípios ou autoridades locais,known,O texto da oportunidade indica requisitos de consórcio ou parceria; confirmar no aviso oficial.,"","Este financiamento apoia a implementação de estratégias de combate à falta de habitação através de abordagens centradas na habitação e em linha com os princípios da Nova Bauhaus Europeia, visando municípios e autoridades locais.",inclusion; community_development,"{""scope""=>""unknown"", ""areas""=>[]}",80,Altamente relevante,"Esta oportunidade é relevante porque aceita autarquias ou entidades públicas como candidatas, incide em necessidades de interesse público, incide em temas relevantes para políticas locais.",Prazo com margem
eu-ft-horizon-neb-2027-01-participation-02,Intergenerational neighbourhoods and communities aligned with the New European Bauhaus,Horizon Europe,2027-05-05,2027-12-01,"€10,500,000 total; até €5,250,000/projeto",EU Funding & Tenders Portal,https://ec.europa.eu/info/funding-tenders/opportunities/portal/screen/opportunities/topic-details/horizon-neb-2027-01-participation-02,"",Municípios ou autoridades locais; Entidades públicas,known,O texto da oportunidade indica requisitos de consórcio ou parceria; confirmar no aviso oficial.,"","Este financiamento apoia o desenvolvimento de bairros e comunidades intergeracionais alinhados com a Nova Bauhaus Europeia. O programa destina-se a municípios, autoridades locais e entidades públicas para a concretização de projetos que promovam a coesão social e a sustentabilidade no ambiente urbano e comunitário.",community_development; public_space; inclusion,"{""scope""=>""unknown"", ""areas""=>[]}",80,Altamente relevante,"Esta oportunidade é relevante porque aceita autarquias ou entidades públicas como candidatas, tem impacto explícito em comunidades, cidades ou serviços locais, incide em temas relevantes para políticas locais.",Prazo com margem
eu-ft-horizon-miss-2027-04-cit-01,Innovative microgrids for improved energy system integration and efficiency in urban contexts,Horizon Europe,2027-02-09,2027-10-07,"€20,000,000 total; até €7,000,000/projeto",EU Funding & Tenders Portal,https://ec.europa.eu/info/funding-tenders/opportunities/portal/screen/opportunities/topic-details/horizon-miss-2027-04-cit-01,"",Municípios ou autoridades locais; Entidades públicas,known,O texto da oportunidade indica requisitos de consórcio ou parceria; confirmar no aviso oficial.,"","Financiamento para a implementação de micro-redes inovadoras destinadas a otimizar a integração energética e aumentar a eficiência em ambientes urbanos. O aviso apoia municípios, autoridades locais e entidades públicas no desenvolvimento tecnológico.",climate; environment,"{""scope""=>""unknown"", ""areas""=>[]}",79,Altamente relevante,"Esta oportunidade é relevante porque aceita autarquias ou entidades públicas como candidatas, tem impacto explícito em comunidades, cidades ou serviços locais, incide em temas relevantes para políticas locais.",Prazo com margem
eu-ft-horizon-ju-ihi-2026-13-two-stage-01,IHI European HealthCare Incubator Network,Horizon Europe,2026-07-02,2026-10-08,"€53,200,000 total; até €35,000,000/projeto",EU Funding & Tenders Portal,https://ec.europa.eu/info/funding-tenders/opportunities/portal/screen/opportunities/topic-details/horizon-ju-ihi-2026-13-two-stage-01,"",Entidades públicas,known,O texto da oportunidade indica requisitos de consórcio ou parceria; confirmar no aviso oficial.,"",Financiamento ao abrigo do Horizonte Europa para a criação de uma rede europeia de incubadoras de cuidados de saúde. O apoio destina-se a entidades públicas para o desenvolvimento e implementação de projetos colaborativos na área da saúde.,digital_public_services,"{""scope""=>""unknown"", ""areas""=>[]}",78,Altamente relevante,"Esta oportunidade é relevante porque aceita autarquias ou entidades públicas como candidatas, incide em necessidades de interesse público, tem prazo próximo.",Prazo muito próximo
eu-ft-horizon-cl6-2027-01-circbio-02-two-stage,Open topic: Using the Circular Cities and Regions Initiative to strengthen urban manufacturing in support of the Clean Industrial Deal,Horizon Europe,2027-02-04,2027-04-08,"€18,000,000 total; até €6,000,000/projeto",EU Funding & Tenders Portal,https://ec.europa.eu/info/funding-tenders/opportunities/portal/screen/opportunities/topic-details/horizon-cl6-2027-01-circbio-02-two-stage,"",Municípios ou autoridades locais,known,"","","O aviso financia a implementação de iniciativas de economia circular em cidades e regiões para reforçar o fabrico urbano, contribuindo para os objetivos do Clean Industrial Deal no âmbito do programa Horizonte Europa.",environment; community_development,"{""scope""=>""unknown"", ""areas""=>[]}",78,Altamente relevante,"Esta oportunidade é relevante porque aceita autarquias ou entidades públicas como candidatas, tem impacto explícito em comunidades, cidades ou serviços locais, incide em temas relevantes para políticas locais.",Prazo com margem
eu-ft-horizon-miss-2027-03-ocean-01,"Increasing riparian and coastal areas resilience to climate change, including in waterfront cities and islands.",Horizon Europe,2027-02-09,2027-09-21,"€35,700,000 total; até €8,925,000/projeto",EU Funding & Tenders Portal,https://ec.europa.eu/info/funding-tenders/opportunities/portal/screen/opportunities/topic-details/horizon-miss-2027-03-ocean-01,"",Municípios ou autoridades locais; Entidades públicas,known,O texto da oportunidade indica requisitos de consórcio ou parceria; confirmar no aviso oficial.,"","Financiamento de projetos destinados a reforçar a resiliência das zonas costeiras e ribeirinhas face às alterações climáticas, abrangendo cidades localizadas junto à água e ilhas através de atividades de investigação e inovação.",climate; environment,"{""scope""=>""unknown"", ""areas""=>[]}",78,Altamente relevante,"Esta oportunidade é relevante porque aceita autarquias ou entidades públicas como candidatas, tem impacto explícito em comunidades, cidades ou serviços locais, incide em temas relevantes para políticas locais.",Prazo com margem
eu-ft-horizon-miss-2027-07-clima-cit-neb-01,"Urban nature: supporting restoration of urban ecosystems, along urban transport networks and in the built environment  ",Horizon Europe,2027-02-09,2027-09-22,"€40,000,000 total; até €10,000,000/projeto",EU Funding & Tenders Portal,https://ec.europa.eu/info/funding-tenders/opportunities/portal/screen/opportunities/topic-details/horizon-miss-2027-07-clima-cit-neb-01,"",Municípios ou autoridades locais,known,O texto da oportunidade indica requisitos de consórcio ou parceria; confirmar no aviso oficial.,"","O financiamento visa apoiar a restauração de ecossistemas urbanos, focando-se em intervenções ao longo de redes de transportes e no ambiente edificado, promovendo a sustentabilidade e a biodiversidade em contextos citadinos.",environment; mobility; public_space,"{""scope""=>""unknown"", ""areas""=>[]}",78,Altamente relevante,"Esta oportunidade é relevante porque aceita autarquias ou entidades públicas como candidatas, tem impacto explícito em comunidades, cidades ou serviços locais, incide em temas relevantes para políticas locais.",Prazo com margem
eu-ft-horizon-miss-2026-04-cit-neb-b4p-ccri-03,"Introducing circular economy models in the construction sector, from buildings to city scale",Horizon Europe,2026-02-04,2026-10-08,"€47,500,000 total; até €9,500,000/projeto",EU Funding & Tenders Portal,https://ec.europa.eu/info/funding-tenders/opportunities/portal/screen/opportunities/topic-details/horizon-miss-2026-04-cit-neb-b4p-ccri-03,"",Municípios ou autoridades locais,known,O texto da oportunidade indica requisitos de consórcio ou parceria; confirmar no aviso oficial.,"","Este financiamento apoia a implementação de modelos de economia circular no setor da construção, abrangendo desde o nível da edificação até à escala urbana, com o objetivo de promover a sustentabilidade ambiental no desenvolvimento dos centros urbanos.",climate; community_development; environment,"{""scope""=>""unknown"", ""areas""=>[]}",77,Altamente relevante,"Esta oportunidade é relevante porque aceita autarquias ou entidades públicas como candidatas, incide em temas relevantes para políticas locais, tem prazo próximo.",Prazo muito próximo
eu-ft-horizon-cl6-2027-02-communities-01,Strengthening rural communities' resilience to shocks,Horizon Europe,2027-04-20,2027-09-23,"€15,000,000 total; até €5,000,000/projeto",EU Funding & Tenders Portal,https://ec.europa.eu/info/funding-tenders/opportunities/portal/screen/opportunities/topic-details/horizon-cl6-2027-02-communities-01,"",Municípios ou autoridades locais,known,"","",Este financiamento visa apoiar projetos que aumentem a resiliência das comunidades rurais face a choques externos. O apoio destina-se a municípios ou autoridades locais que desenvolvam estratégias e ações capazes de fortalecer a capacidade de resposta e adaptação destes territórios.,community_development,"{""scope""=>""unknown"", ""areas""=>[]}",76,Altamente relevante,"Esta oportunidade é relevante porque aceita autarquias ou entidades públicas como candidatas, tem impacto explícito em comunidades, cidades ou serviços locais, incide em temas relevantes para políticas locais.",Prazo com margem
eu-ft-cerv-2026-citizens-town-tt,Call Town Twinning 2026,CERV,2026-05-06,2026-09-23,"€6,000,000 total",EU Funding & Tenders Portal,https://ec.europa.eu/info/funding-tenders/opportunities/portal/screen/opportunities/topic-details/cerv-2026-citizens-town-tt,"",Municípios ou autoridades locais,known,"","","Este programa apoia projetos de geminação entre municípios de diferentes países, promovendo o intercâmbio cultural, a cidadania ativa e a participação democrática a nível local através da cooperação entre autoridades locais.",civic_participation; community_development,"{""scope""=>""unknown"", ""areas""=>[]}",75,Altamente relevante,"Esta oportunidade é relevante porque aceita autarquias ou entidades públicas como candidatas, incide em temas relevantes para políticas locais, tem prazo próximo.",Prazo muito próximo
eu-ft-horizon-neb-2026-01-business-02,Understanding capital market dynamics for increased investment in New European Bauhaus projects in neighbourhoods,Horizon Europe,2026-05-05,2026-12-01,"€7,000,000 total; até €3,500,000/projeto",EU Funding & Tenders Portal,https://ec.europa.eu/info/funding-tenders/opportunities/portal/screen/opportunities/topic-details/horizon-neb-2026-01-business-02,"",Entidades públicas,known,"","","Este aviso apoia a análise das dinâmicas do mercado de capitais para fomentar o investimento em projetos alinhados com a Nova Bauhaus Europeia em bairros. O financiamento visa potenciar a viabilidade financeira e o desenvolvimento urbano sustentável, estético e inclusivo nestas comunidades.",community_development; public_space,"{""scope""=>""unknown"", ""areas""=>[]}",75,Altamente relevante,"Esta oportunidade é relevante porque aceita autarquias ou entidades públicas como candidatas, tem impacto explícito em comunidades, cidades ou serviços locais, incide em temas relevantes para políticas locais.",Prazo com margem
eu-ft-horizon-cl5-2027-06-d6-08,"Enhancing Mobility for All: affordable, reliable, and accessible multimodal transport for inclusive rural and urban connectivity – Societal Readiness pilot",Horizon Europe,2027-06-03,2027-10-07,"€21,000,000 total; até €7,000,000/projeto",EU Funding & Tenders Portal,https://ec.europa.eu/info/funding-tenders/opportunities/portal/screen/opportunities/topic-details/horizon-cl5-2027-06-d6-08,"",Municípios ou autoridades locais; Entidades públicas,known,O texto da oportunidade indica requisitos de consórcio ou parceria; confirmar no aviso oficial.,"","Este projeto financia iniciativas para a criação de sistemas de transporte multimodal acessíveis, fiáveis e a preços comportáveis, visando reforçar a conectividade em áreas rurais e urbanas através de projetos-piloto de prontidão social.",mobility; accessibility; inclusion; community_development,"{""scope""=>""unknown"", ""areas""=>[]}",75,Altamente relevante,"Esta oportunidade é relevante porque aceita autarquias ou entidades públicas como candidatas, tem impacto explícito em comunidades, cidades ou serviços locais, incide em temas relevantes para políticas locais.",Prazo com margem
eu-ft-horizon-cl2-2026-01-democracy-05,Research and Innovation Network for a Union of Equality,Horizon Europe,2026-05-12,2026-09-23,"€4,500,000 total; até €4,500,000/projeto",EU Funding & Tenders Portal,https://ec.europa.eu/info/funding-tenders/opportunities/portal/screen/opportunities/topic-details/horizon-cl2-2026-01-democracy-05,"",Entidades públicas,known,O texto da oportunidade indica requisitos de consórcio ou parceria; confirmar no aviso oficial.,"","Aviso Research and Innovation Network for a Union of Equality publicado no portal EU Funding & Tenders. Consultar a página oficial para confirmar âmbito, elegibilidade e documentação.",equality; civic_participation,"{""scope""=>""unknown"", ""areas""=>[]}",74,A investigar,"Esta oportunidade é relevante porque aceita autarquias ou entidades públicas como candidatas, incide em temas relevantes para políticas locais, tem prazo próximo.",Prazo muito próximo
eu-ft-horizon-miss-2027-05-soil-01-two-stage,"Living labs to enhance soil health in Continental, Black Sea, Pannonian and Steppic biogeographical regions",Horizon Europe,2027-02-04,2027-04-08,"€24,000,000 total; até €12,000,000/projeto",EU Funding & Tenders Portal,https://ec.europa.eu/info/funding-tenders/opportunities/portal/screen/opportunities/topic-details/horizon-miss-2027-05-soil-01-two-stage,"",Municípios ou autoridades locais,known,O texto da oportunidade indica requisitos de consórcio ou parceria; confirmar no aviso oficial.,"","Aviso Living labs to enhance soil health in Continental, Black Sea, Pannonian and Steppic biogeographical regions publicado no portal EU Funding & Tenders. Consultar a página oficial para confirmar âmbito, elegibilidade e documentação.",environment,"{""scope""=>""unknown"", ""areas""=>[]}",74,A investigar,"Esta oportunidade é relevante porque aceita autarquias ou entidades públicas como candidatas, incide em necessidades de interesse público, incide em temas relevantes para políticas locais.",Prazo com margem
eu-ft-horizon-hlth-2027-01-envhlth-missclima-03,Tools and technologies to support health adaptation to climate change,Horizon Europe,2027-02-10,2027-04-13,"€20,000,000 total; até €5,000,000/projeto",EU Funding & Tenders Portal,https://ec.europa.eu/info/funding-tenders/opportunities/portal/screen/opportunities/topic-details/horizon-hlth-2027-01-envhlth-missclima-03,"",Municípios ou autoridades locais; Entidades públicas,known,O texto da oportunidade indica requisitos de consórcio ou parceria; confirmar no aviso oficial.,"","Aviso Tools and technologies to support health adaptation to climate change publicado no portal EU Funding & Tenders. Consultar a página oficial para confirmar âmbito, elegibilidade e documentação.",climate,"{""scope""=>""unknown"", ""areas""=>[]}",74,A investigar,"Esta oportunidade é relevante porque aceita autarquias ou entidades públicas como candidatas, incide em necessidades de interesse público, incide em temas relevantes para políticas locais.",Prazo com margem
eu-ft-horizon-neb-2027-02-neb-soil-01,Reducing soil sealing through sustainable urban and territorial design in the New European Bauhaus,Horizon Europe,2027-05-05,2027-09-15,"€15,000,000 total; até €7,500,000/projeto",EU Funding & Tenders Portal,https://ec.europa.eu/info/funding-tenders/opportunities/portal/screen/opportunities/topic-details/horizon-neb-2027-02-neb-soil-01,"",Municípios ou autoridades locais,known,"","","Aviso Reducing soil sealing through sustainable urban and territorial design in the New European Bauhaus publicado no portal EU Funding & Tenders. Consultar a página oficial para confirmar âmbito, elegibilidade e documentação.",environment,"{""scope""=>""unknown"", ""areas""=>[]}",74,A investigar,"Esta oportunidade é relevante porque aceita autarquias ou entidades públicas como candidatas, tem impacto explícito em comunidades, cidades ou serviços locais, incide em temas relevantes para políticas locais.",Prazo com margem
eu-ft-horizon-miss-2027-07-clima-cit-ccri-02,"Deploying innovative wastewater management, treatment and valorisation solutions in European cities and regions in the context of climate change",Horizon Europe,2027-02-09,2027-09-22,"€28,500,000 total; até €9,500,000/projeto",EU Funding & Tenders Portal,https://ec.europa.eu/info/funding-tenders/opportunities/portal/screen/opportunities/topic-details/horizon-miss-2027-07-clima-cit-ccri-02,"",Municípios ou autoridades locais,known,O texto da oportunidade indica requisitos de consórcio ou parceria; confirmar no aviso oficial.,"","Aviso Deploying innovative wastewater management, treatment and valorisation solutions in European cities and regions in the context of climate change publicado no portal EU Funding & Tenders. Consultar a página oficial para confirmar âmbito, elegibilidade e documentação.",climate,"{""scope""=>""unknown"", ""areas""=>[]}",74,A investigar,"Esta oportunidade é relevante porque aceita autarquias ou entidades públicas como candidatas, tem impacto explícito em comunidades, cidades ou serviços locais, incide em temas relevantes para políticas locais.",Prazo com margem
eu-ft-horizon-cl6-2027-01-biodiv-07,"Health of ecosystems and wild species, predictions and impacts on human health, in the face of existing and emerging stressors, from a One Health approach",Horizon Europe,2027-04-20,2027-09-22,"€14,000,000 total; até €7,000,000/projeto",EU Funding & Tenders Portal,https://ec.europa.eu/info/funding-tenders/opportunities/portal/screen/opportunities/topic-details/horizon-cl6-2027-01-biodiv-07,"",Entidades públicas,known,O texto da oportunidade indica requisitos de consórcio ou parceria; confirmar no aviso oficial.,"","Aviso Health of ecosystems and wild species, predictions and impacts on human health, in the face of existing and emerging stressors, from a One Health approach publicado no portal EU Funding & Tenders. Consultar a página oficial para confirmar âmbito, elegibilidade e documentação.",environment,"{""scope""=>""unknown"", ""areas""=>[]}",74,A investigar,"Esta oportunidade é relevante porque aceita autarquias ou entidades públicas como candidatas, incide em necessidades de interesse público, incide em temas relevantes para políticas locais.",Prazo com margem
eu-ft-horizon-cl6-2027-01-biodiv-06,Living labs driving transformative change via knowledge integration and inclusive governance,Horizon Europe,2027-04-20,2027-09-22,"€14,000,000 total; até €7,000,000/projeto",EU Funding & Tenders Portal,https://ec.europa.eu/info/funding-tenders/opportunities/portal/screen/opportunities/topic-details/horizon-cl6-2027-01-biodiv-06,"",Municípios ou autoridades locais; Entidades públicas,known,O texto da oportunidade indica requisitos de consórcio ou parceria; confirmar no aviso oficial.,"","Aviso Living labs driving transformative change via knowledge integration and inclusive governance publicado no portal EU Funding & Tenders. Consultar a página oficial para confirmar âmbito, elegibilidade e documentação.",inclusion; environment,"{""scope""=>""unknown"", ""areas""=>[]}",74,A investigar,"Esta oportunidade é relevante porque aceita autarquias ou entidades públicas como candidatas, tem aplicação em políticas públicas ou governação, incide em temas relevantes para políticas locais.",Prazo com margem
eu-ft-horizon-miss-2027-04-cit-05,"Boosting the transformation towards climate-neutral cities, the net-zero economy and open strategic autonomy through Pre-Commercial Procurement (PCP)",Horizon Europe,2027-02-09,2027-10-07,"€26,823,812 total; até €12,000,000/projeto",EU Funding & Tenders Portal,https://ec.europa.eu/info/funding-tenders/opportunities/portal/screen/opportunities/topic-details/horizon-miss-2027-04-cit-05,"",Municípios ou autoridades locais,known,O texto da oportunidade indica requisitos de consórcio ou parceria; confirmar no aviso oficial.,"","Aviso Boosting the transformation towards climate-neutral cities, the net-zero economy and open strategic autonomy through Pre-Commercial Procurement (PCP) publicado no portal EU Funding & Tenders. Consultar a página oficial para confirmar âmbito, elegibilidade e documentação.",climate,"{""scope""=>""unknown"", ""areas""=>[]}",74,A investigar,"Esta oportunidade é relevante porque aceita autarquias ou entidades públicas como candidatas, tem impacto explícito em comunidades, cidades ou serviços locais, incide em temas relevantes para políticas locais.",Prazo com margem
eu-ft-horizon-miss-2027-04-cit-02,Hydrogen cities,Horizon Europe,2027-02-09,2027-10-07,"€5,000,000 total; até €5,000,000/projeto",EU Funding & Tenders Portal,https://ec.europa.eu/info/funding-tenders/opportunities/portal/screen/opportunities/topic-details/horizon-miss-2027-04-cit-02,"",Municípios ou autoridades locais,known,O texto da oportunidade indica requisitos de consórcio ou parceria; confirmar no aviso oficial.,"","Aviso Hydrogen cities publicado no portal EU Funding & Tenders. Consultar a página oficial para confirmar âmbito, elegibilidade e documentação.",climate,"{""scope""=>""unknown"", ""areas""=>[]}",74,A investigar,"Esta oportunidade é relevante porque aceita autarquias ou entidades públicas como candidatas, tem impacto explícito em comunidades, cidades ou serviços locais, incide em temas relevantes para políticas locais.",Prazo com margem
eu-ft-life-2026-plp-ener-gov,Multilevel climate and energy dialogue to deliver the Governance Regulation and the post–2030 energy and climate policy framework,LIFE,2026-04-21,2026-09-22,"€2,000,000 total",EU Funding & Tenders Portal,https://ec.europa.eu/info/funding-tenders/opportunities/portal/screen/opportunities/topic-details/life-2026-plp-ener-gov,"",Municípios ou autoridades locais; Entidades públicas,known,O texto da oportunidade indica requisitos de consórcio ou parceria; confirmar no aviso oficial.,"","Aviso Multilevel climate and energy dialogue to deliver the Governance Regulation and the post–2030 energy and climate policy framework publicado no portal EU Funding & Tenders. Consultar a página oficial para confirmar âmbito, elegibilidade e documentação.","","{""scope""=>""unknown"", ""areas""=>[]}",73,A investigar,"Esta oportunidade é relevante porque aceita autarquias ou entidades públicas como candidatas, tem aplicação em políticas públicas ou governação, tem prazo próximo.",Prazo muito próximo
eu-ft-horizon-miss-2026-01-clima-01,National Adaptation Hubs - Bringing together the national level with the engaged regional and local levels (multi-level governance),Horizon Europe,2026-02-04,2026-09-23,"€10,000,000 total; até €10,000,000/projeto",EU Funding & Tenders Portal,https://ec.europa.eu/info/funding-tenders/opportunities/portal/screen/opportunities/topic-details/horizon-miss-2026-01-clima-01,"",Municípios ou autoridades locais,known,O texto da oportunidade indica requisitos de consórcio ou parceria; confirmar no aviso oficial.,"","Aviso National Adaptation Hubs - Bringing together the national level with the engaged regional and local levels (multi-level governance) publicado no portal EU Funding & Tenders. Consultar a página oficial para confirmar âmbito, elegibilidade e documentação.","","{""scope""=>""unknown"", ""areas""=>[]}",73,A investigar,"Esta oportunidade é relevante porque aceita autarquias ou entidades públicas como candidatas, tem aplicação em políticas públicas ou governação, tem prazo próximo.",Prazo muito próximo
pt2030-8622,Digitalização da Administração Pública Central,COMPETE2030,2026-09-01,2026-10-30,"€65,000,000",Portugal 2030,https://portugal2030.pt/plano-anual-de-avisos/#aviso-8622,"",Entidades públicas,known,"",FEDER · Norte | Centro | AML | Alentejo,"Aviso Portugal 2030 para RSO1.2 - Colher os benefícios da digitalização; FEDER; Norte | Centro | AML | Alentejo. Consultar o plano oficial para confirmar condições, documentação e candidatura.",digital_public_services,"{""scope""=>""regional"", ""areas""=>[""Área Metropolitana de Lisboa""]}",73,A investigar,"Esta oportunidade é relevante porque aceita autarquias ou entidades públicas como candidatas, incide em temas relevantes para políticas locais, tem incidência territorial em Lisboa ou na Área Metropolitana de Lisboa, tem janela de preparação curta.",Prazo próximo
eu-ft-horizon-cl6-2026-01-biodiv-05,Advancing integrated scenarios and prediction models for informing transition to a nature positive society,Horizon Europe,2026-04-17,2026-09-23,"€10,000,000 total; até €5,000,000/projeto",EU Funding & Tenders Portal,https://ec.europa.eu/info/funding-tenders/opportunities/portal/screen/opportunities/topic-details/horizon-cl6-2026-01-biodiv-05,"",Entidades públicas,known,O texto da oportunidade indica requisitos de consórcio ou parceria; confirmar no aviso oficial.,"","Aviso Advancing integrated scenarios and prediction models for informing transition to a nature positive society publicado no portal EU Funding & Tenders. Consultar a página oficial para confirmar âmbito, elegibilidade e documentação.",climate; environment,"{""scope""=>""unknown"", ""areas""=>[]}",71,A investigar,"Esta oportunidade é relevante porque aceita autarquias ou entidades públicas como candidatas, incide em temas relevantes para políticas locais, tem prazo próximo.",Prazo muito próximo
eu-ft-horizon-cl6-2026-01-circbio-02,Advancing recycling technologies for mixed post-consumer textiles waste from blended products,Horizon Europe,2026-04-17,2026-09-23,"€11,000,000 total; até €6,000,000/projeto",EU Funding & Tenders Portal,https://ec.europa.eu/info/funding-tenders/opportunities/portal/screen/opportunities/topic-details/horizon-cl6-2026-01-circbio-02,"",Municípios ou autoridades locais,known,O texto da oportunidade indica requisitos de consórcio ou parceria; confirmar no aviso oficial.,"","Aviso Advancing recycling technologies for mixed post-consumer textiles waste from blended products publicado no portal EU Funding & Tenders. Consultar a página oficial para confirmar âmbito, elegibilidade e documentação.",environment; climate,"{""scope""=>""unknown"", ""areas""=>[]}",71,A investigar,"Esta oportunidade é relevante porque aceita autarquias ou entidades públicas como candidatas, incide em temas relevantes para políticas locais, tem prazo próximo.",Prazo muito próximo
eu-ft-horizon-cl6-2026-01-biodiv-04,Ensuring continuous effectiveness of protected areas in conserving habitats and species while facing intensifying drivers of biodiversity loss,Horizon Europe,2026-04-17,2026-09-23,"€13,000,000 total; até €6,500,000/projeto",EU Funding & Tenders Portal,https://ec.europa.eu/info/funding-tenders/opportunities/portal/screen/opportunities/topic-details/horizon-cl6-2026-01-biodiv-04,"",Entidades públicas,known,O texto da oportunidade indica requisitos de consórcio ou parceria; confirmar no aviso oficial.,"","Aviso Ensuring continuous effectiveness of protected areas in conserving habitats and species while facing intensifying drivers of biodiversity loss publicado no portal EU Funding & Tenders. Consultar a página oficial para confirmar âmbito, elegibilidade e documentação.",environment; climate,"{""scope""=>""unknown"", ""areas""=>[]}",71,A investigar,"Esta oportunidade é relevante porque aceita autarquias ou entidades públicas como candidatas, incide em temas relevantes para políticas locais, tem prazo próximo.",Prazo muito próximo
pt2030-8530,Gestão de Resíduos Urbanos - ações imateriais,SUSTENTAVEL2030,2027-01-01,2027-04-30,"€8,000,000",Portugal 2030,https://portugal2030.pt/plano-anual-de-avisos/#aviso-8530,"",Entidades públicas,known,"",FC · Algarve | Alentejo | Norte | Centro | AML,"Aviso Portugal 2030 para RSO2.6 - Economia circular; FC; Algarve | Alentejo | Norte | Centro | AML. Consultar o plano oficial para confirmar condições, documentação e candidatura.",climate; environment,"{""scope""=>""regional"", ""areas""=>[""Área Metropolitana de Lisboa""]}",71,A investigar,"Esta oportunidade é relevante porque aceita autarquias ou entidades públicas como candidatas, incide em temas relevantes para políticas locais, tem incidência territorial em Lisboa ou na Área Metropolitana de Lisboa.",Prazo com margem
eu-ft-horizon-cl2-2027-02-democracy-09-two-stage,Open topic on reinvigorating and shielding European democracy,Horizon Europe,2027-03-02,2027-05-04,"€22,000,000 total; até €3,700,000/projeto",EU Funding & Tenders Portal,https://ec.europa.eu/info/funding-tenders/opportunities/portal/screen/opportunities/topic-details/horizon-cl2-2027-02-democracy-09-two-stage,"",Entidades públicas,known,O texto da oportunidade indica requisitos de consórcio ou parceria; confirmar no aviso oficial.,"","Aviso Open topic on reinvigorating and shielding European democracy publicado no portal EU Funding & Tenders. Consultar a página oficial para confirmar âmbito, elegibilidade e documentação.",civic_participation; accessibility; equality,"{""scope""=>""unknown"", ""areas""=>[]}",71,A investigar,"Esta oportunidade é relevante porque aceita autarquias ou entidades públicas como candidatas, incide em temas relevantes para políticas locais.",Prazo com margem
eu-ft-horizon-cl2-2027-01-transfo-01,Impact of access to nature-positive environments in promoting social cohesion and reducing inequalities in urban and peri-urban settings,Horizon Europe,2027-05-13,2027-09-23,"€12,000,000 total; até €4,000,000/projeto",EU Funding & Tenders Portal,https://ec.europa.eu/info/funding-tenders/opportunities/portal/screen/opportunities/topic-details/horizon-cl2-2027-01-transfo-01,"",Municípios ou autoridades locais,known,O texto da oportunidade indica requisitos de consórcio ou parceria; confirmar no aviso oficial.,"","Aviso Impact of access to nature-positive environments in promoting social cohesion and reducing inequalities in urban and peri-urban settings publicado no portal EU Funding & Tenders. Consultar a página oficial para confirmar âmbito, elegibilidade e documentação.","","{""scope""=>""unknown"", ""areas""=>[]}",70,A investigar,"Esta oportunidade é relevante porque aceita autarquias ou entidades públicas como candidatas, tem impacto explícito em comunidades, cidades ou serviços locais.",Prazo com margem
eui-city-to-city-exchanges,City-to-City Exchanges,European Urban Initiative,,2027-11-17,"",European Urban Initiative,https://www.urban-initiative.eu/capacity-building/pilot-call-c2c-exchanges,"",Urban authorities,known,"",Open · &nbsp; grant Find out more,Resumo limitado; consultar a página oficial da oportunidade.,climate; community_development; public_space,"{""scope""=>""unknown"", ""areas""=>[]}",70,A investigar,"Esta oportunidade é relevante porque aceita autarquias ou entidades públicas como candidatas, incide em temas relevantes para políticas locais.",Prazo com margem
eu-ft-horizon-neb-2027-01-regen-03,Revitalising neighbourhoods around existing railway and motorway corridors,Horizon Europe,2027-05-05,2027-12-01,"€11,000,000 total; até €5,500,000/projeto",EU Funding & Tenders Portal,https://ec.europa.eu/info/funding-tenders/opportunities/portal/screen/opportunities/topic-details/horizon-neb-2027-01-regen-03,"",Municípios ou autoridades locais; Entidades públicas,known,"","","Aviso Revitalising neighbourhoods around existing railway and motorway corridors publicado no portal EU Funding & Tenders. Consultar a página oficial para confirmar âmbito, elegibilidade e documentação.","","{""scope""=>""unknown"", ""areas""=>[]}",70,A investigar,"Esta oportunidade é relevante porque aceita autarquias ou entidades públicas como candidatas, tem impacto explícito em comunidades, cidades ou serviços locais.",Prazo com margem
eu-ft-horizon-cl2-2026-01-democracy-10,Digital and media literacy as drivers for democratic and civic resilience,Horizon Europe,2026-05-12,2026-09-23,"€12,000,000 total; até €4,000,000/projeto",EU Funding & Tenders Portal,https://ec.europa.eu/info/funding-tenders/opportunities/portal/screen/opportunities/topic-details/horizon-cl2-2026-01-democracy-10,"",Entidades públicas,known,O texto da oportunidade indica requisitos de consórcio ou parceria; confirmar no aviso oficial.,"","Aviso Digital and media literacy as drivers for democratic and civic resilience publicado no portal EU Funding & Tenders. Consultar a página oficial para confirmar âmbito, elegibilidade e documentação.",civic_participation,"{""scope""=>""unknown"", ""areas""=>[]}",69,A investigar,"Esta oportunidade é relevante porque aceita autarquias ou entidades públicas como candidatas, incide em temas relevantes para políticas locais, tem prazo próximo.",Prazo muito próximo
eu-ft-horizon-cl2-2026-01-democracy-07,Supporting post-conflict democracy and reconstruction,Horizon Europe,2026-05-12,2026-09-23,"€12,000,000 total; até €4,000,000/projeto",EU Funding & Tenders Portal,https://ec.europa.eu/info/funding-tenders/opportunities/portal/screen/opportunities/topic-details/horizon-cl2-2026-01-democracy-07,"",Municípios ou autoridades locais,known,O texto da oportunidade indica requisitos de consórcio ou parceria; confirmar no aviso oficial.,"","Aviso Supporting post-conflict democracy and reconstruction publicado no portal EU Funding & Tenders. Consultar a página oficial para confirmar âmbito, elegibilidade e documentação.",civic_participation,"{""scope""=>""unknown"", ""areas""=>[]}",69,A investigar,"Esta oportunidade é relevante porque aceita autarquias ou entidades públicas como candidatas, incide em temas relevantes para políticas locais, tem prazo próximo.",Prazo muito próximo
eu-ft-horizon-cl2-2026-01-democracy-02,Understanding the forms of local democracy in low-income and low-middle income countries,Horizon Europe,2026-05-12,2026-09-23,"€12,000,000 total; até €4,000,000/projeto",EU Funding & Tenders Portal,https://ec.europa.eu/info/funding-tenders/opportunities/portal/screen/opportunities/topic-details/horizon-cl2-2026-01-democracy-02,"",Entidades públicas,known,O texto da oportunidade indica requisitos de consórcio ou parceria; confirmar no aviso oficial.,"","Aviso Understanding the forms of local democracy in low-income and low-middle income countries publicado no portal EU Funding & Tenders. Consultar a página oficial para confirmar âmbito, elegibilidade e documentação.",civic_participation,"{""scope""=>""unknown"", ""areas""=>[]}",69,A investigar,"Esta oportunidade é relevante porque aceita autarquias ou entidades públicas como candidatas, incide em temas relevantes para políticas locais, tem prazo próximo.",Prazo muito próximo
eu-ft-horizon-widera-2026-gender-prize-03,Inclusive Gender Equality Champions,Horizon Europe,2026-06-16,2026-09-29,"€400,000 total",EU Funding & Tenders Portal,https://ec.europa.eu/info/funding-tenders/opportunities/portal/screen/opportunities/topic-details/horizon-widera-2026-gender-prize-03,"",Entidades públicas,known,"","","Aviso Inclusive Gender Equality Champions publicado no portal EU Funding & Tenders. Consultar a página oficial para confirmar âmbito, elegibilidade e documentação.",equality,"{""scope""=>""unknown"", ""areas""=>[]}",68,A investigar,"Esta oportunidade é relevante porque aceita autarquias ou entidades públicas como candidatas, incide em temas relevantes para políticas locais, tem prazo próximo.",Prazo muito próximo
eu-ft-horizon-widera-2026-gender-prize-02,Newcomer Gender Equality Champions,Horizon Europe,2026-06-16,2026-09-29,"€400,000 total",EU Funding & Tenders Portal,https://ec.europa.eu/info/funding-tenders/opportunities/portal/screen/opportunities/topic-details/horizon-widera-2026-gender-prize-02,"",Entidades públicas,known,"","","Aviso Newcomer Gender Equality Champions publicado no portal EU Funding & Tenders. Consultar a página oficial para confirmar âmbito, elegibilidade e documentação.",equality,"{""scope""=>""unknown"", ""areas""=>[]}",68,A investigar,"Esta oportunidade é relevante porque aceita autarquias ou entidades públicas como candidatas, incide em temas relevantes para políticas locais, tem prazo próximo.",Prazo muito próximo
eu-ft-horizon-widera-2026-gender-prize-01,Sustainable Gender Equality Champions,Horizon Europe,2026-06-16,2026-09-29,"€400,000 total",EU Funding & Tenders Portal,https://ec.europa.eu/info/funding-tenders/opportunities/portal/screen/opportunities/topic-details/horizon-widera-2026-gender-prize-01,"",Entidades públicas,known,"","","Aviso Sustainable Gender Equality Champions publicado no portal EU Funding & Tenders. Consultar a página oficial para confirmar âmbito, elegibilidade e documentação.",equality,"{""scope""=>""unknown"", ""areas""=>[]}",68,A investigar,"Esta oportunidade é relevante porque aceita autarquias ou entidades públicas como candidatas, incide em temas relevantes para políticas locais, tem prazo próximo.",Prazo muito próximo
pt2030-8566,Migração laboral,FAMI2030,2026-10-01,2026-12-31,"€3,115,652",Portugal 2030,https://portugal2030.pt/plano-anual-de-avisos/#aviso-8566,"",Entidades públicas; Entidades privadas,known,A modalidade do aviso prevê parceria; confirmar os requisitos no aviso oficial.,FAMI · Algarve | RAA | RAM | Extra-Regio NUTS II | Norte | AML | Centro | Alentejo,"Aviso Portugal 2030 para HSO9.2 - Migração legal e integração; FAMI; Algarve | RAA | RAM | Extra-Regio NUTS II | Norte | AML | Centro | Alentejo. Consultar o plano oficial para confirmar condições, documentação e candidatura.",inclusion,"{""scope""=>""regional"", ""areas""=>[""Área Metropolitana de Lisboa""]}",68,A investigar,"Esta oportunidade é relevante porque aceita autarquias ou entidades públicas como candidatas, incide em temas relevantes para políticas locais, tem incidência territorial em Lisboa ou na Área Metropolitana de Lisboa.",Prazo com margem
eu-ft-horizon-cl6-2027-01-circbio-10,Strengthening forest research for the support of Ukraine,Horizon Europe,2027-04-20,2027-09-22,"€6,000,000 total; até €6,000,000/projeto",EU Funding & Tenders Portal,https://ec.europa.eu/info/funding-tenders/opportunities/portal/screen/opportunities/topic-details/horizon-cl6-2027-01-circbio-10,"",Entidades públicas,known,O texto da oportunidade indica requisitos de consórcio ou parceria; confirmar no aviso oficial.,"","Aviso Strengthening forest research for the support of Ukraine publicado no portal EU Funding & Tenders. Consultar a página oficial para confirmar âmbito, elegibilidade e documentação.",climate; environment; inclusion,"{""scope""=>""unknown"", ""areas""=>[]}",68,A investigar,"Esta oportunidade é relevante porque aceita autarquias ou entidades públicas como candidatas, incide em temas relevantes para políticas locais.",Prazo com margem
eu-ft-horizon-miss-2026-03-ocean-02,Addressing aquatic pollution and biodiversity loss through nature positive solutions from source to sea,Horizon Europe,2026-02-04,2026-09-23,"€31,000,000 total; até €7,750,000/projeto",EU Funding & Tenders Portal,https://ec.europa.eu/info/funding-tenders/opportunities/portal/screen/opportunities/topic-details/horizon-miss-2026-03-ocean-02,"",Municípios ou autoridades locais; Entidades públicas,known,O texto da oportunidade indica requisitos de consórcio ou parceria; confirmar no aviso oficial.,"","Aviso Addressing aquatic pollution and biodiversity loss through nature positive solutions from source to sea publicado no portal EU Funding & Tenders. Consultar a página oficial para confirmar âmbito, elegibilidade e documentação.",environment,"{""scope""=>""unknown"", ""areas""=>[]}",67,A investigar,"Esta oportunidade é relevante porque aceita autarquias ou entidades públicas como candidatas, incide em temas relevantes para políticas locais, tem prazo próximo.",Prazo muito próximo
eu-ft-horizon-miss-2026-01-clima-04,Bridging the gap between disaster risk management and climate adaptation,Horizon Europe,2026-02-04,2026-09-23,"€5,000,000 total; até €5,000,000/projeto",EU Funding & Tenders Portal,https://ec.europa.eu/info/funding-tenders/opportunities/portal/screen/opportunities/topic-details/horizon-miss-2026-01-clima-04,"",Municípios ou autoridades locais,known,"","","Aviso Bridging the gap between disaster risk management and climate adaptation publicado no portal EU Funding & Tenders. Consultar a página oficial para confirmar âmbito, elegibilidade e documentação.",climate,"{""scope""=>""unknown"", ""areas""=>[]}",67,A investigar,"Esta oportunidade é relevante porque aceita autarquias ou entidades públicas como candidatas, incide em temas relevantes para políticas locais, tem prazo próximo.",Prazo muito próximo
eu-ft-horizon-miss-2026-01-clima-05,Demonstrating solutions to protect and preserve cultural heritage from the impacts of climate change,Horizon Europe,2026-02-04,2026-09-23,"€21,000,000 total; até €7,000,000/projeto",EU Funding & Tenders Portal,https://ec.europa.eu/info/funding-tenders/opportunities/portal/screen/opportunities/topic-details/horizon-miss-2026-01-clima-05,"",Municípios ou autoridades locais,known,O texto da oportunidade indica requisitos de consórcio ou parceria; confirmar no aviso oficial.,"","Aviso Demonstrating solutions to protect and preserve cultural heritage from the impacts of climate change publicado no portal EU Funding & Tenders. Consultar a página oficial para confirmar âmbito, elegibilidade e documentação.",climate,"{""scope""=>""unknown"", ""areas""=>[]}",67,A investigar,"Esta oportunidade é relevante porque aceita autarquias ou entidades públicas como candidatas, incide em temas relevantes para políticas locais, tem prazo próximo.",Prazo muito próximo
eu-ft-horizon-cl6-2026-01-zeropollution-03,Developing managed aquifer recharge techniques (MAR) in a rural context,Horizon Europe,2026-04-17,2026-09-23,"€12,000,000 total; até €6,000,000/projeto",EU Funding & Tenders Portal,https://ec.europa.eu/info/funding-tenders/opportunities/portal/screen/opportunities/topic-details/horizon-cl6-2026-01-zeropollution-03,"",Municípios ou autoridades locais,known,"","","Aviso Developing managed aquifer recharge techniques (MAR) in a rural context publicado no portal EU Funding & Tenders. Consultar a página oficial para confirmar âmbito, elegibilidade e documentação.",climate,"{""scope""=>""unknown"", ""areas""=>[]}",67,A investigar,"Esta oportunidade é relevante porque aceita autarquias ou entidades públicas como candidatas, incide em temas relevantes para políticas locais, tem prazo próximo.",Prazo muito próximo
eu-ft-horizon-cl6-2026-01-biodiv-02,"Developing methods to assess the presence, functions and sensitivity of groundwater ecosystems",Horizon Europe,2026-04-17,2026-09-23,"€10,000,000 total; até €5,000,000/projeto",EU Funding & Tenders Portal,https://ec.europa.eu/info/funding-tenders/opportunities/portal/screen/opportunities/topic-details/horizon-cl6-2026-01-biodiv-02,"",Entidades públicas,known,O texto da oportunidade indica requisitos de consórcio ou parceria; confirmar no aviso oficial.,"","Aviso Developing methods to assess the presence, functions and sensitivity of groundwater ecosystems publicado no portal EU Funding & Tenders. Consultar a página oficial para confirmar âmbito, elegibilidade e documentação.",environment,"{""scope""=>""unknown"", ""areas""=>[]}",67,A investigar,"Esta oportunidade é relevante porque aceita autarquias ou entidades públicas como candidatas, incide em temas relevantes para políticas locais, tem prazo próximo.",Prazo muito próximo
eu-ft-horizon-miss-2026-06-clima-soil,Joint demonstration of solutions to build soil resilience to extreme weather events and support food security ,Horizon Europe,2026-02-04,2026-09-23,"€20,000,000 total; até €10,000,000/projeto",EU Funding & Tenders Portal,https://ec.europa.eu/info/funding-tenders/opportunities/portal/screen/opportunities/topic-details/horizon-miss-2026-06-clima-soil,"",Municípios ou autoridades locais; Entidades públicas,known,O texto da oportunidade indica requisitos de consórcio ou parceria; confirmar no aviso oficial.,"","Aviso Joint demonstration of solutions to build soil resilience to extreme weather events and support food security  publicado no portal EU Funding & Tenders. Consultar a página oficial para confirmar âmbito, elegibilidade e documentação.",climate,"{""scope""=>""unknown"", ""areas""=>[]}",67,A investigar,"Esta oportunidade é relevante porque aceita autarquias ou entidades públicas como candidatas, incide em temas relevantes para políticas locais, tem prazo próximo.",Prazo muito próximo
eu-ft-horizon-miss-2026-03-ocean-01,Large-scale demonstration for mapping the distribution and condition of marine habitats to implement the Nature Restoration Regulation,Horizon Europe,2026-02-04,2026-09-23,"€31,000,000 total; até €7,750,000/projeto",EU Funding & Tenders Portal,https://ec.europa.eu/info/funding-tenders/opportunities/portal/screen/opportunities/topic-details/horizon-miss-2026-03-ocean-01,"",Municípios ou autoridades locais; Entidades públicas,known,O texto da oportunidade indica requisitos de consórcio ou parceria; confirmar no aviso oficial.,"","Aviso Large-scale demonstration for mapping the distribution and condition of marine habitats to implement the Nature Restoration Regulation publicado no portal EU Funding & Tenders. Consultar a página oficial para confirmar âmbito, elegibilidade e documentação.",environment,"{""scope""=>""unknown"", ""areas""=>[]}",67,A investigar,"Esta oportunidade é relevante porque aceita autarquias ou entidades públicas como candidatas, incide em temas relevantes para políticas locais, tem prazo próximo.",Prazo muito próximo
eu-ft-horizon-miss-2026-05-soil-04,Leveraging long-term field experiments and other datasets to develop AI-ready decision support systems for sustainable soil management,Horizon Europe,2026-02-04,2026-09-23,"€9,000,000 total; até €9,000,000/projeto",EU Funding & Tenders Portal,https://ec.europa.eu/info/funding-tenders/opportunities/portal/screen/opportunities/topic-details/horizon-miss-2026-05-soil-04,"",Entidades públicas,known,"","","Aviso Leveraging long-term field experiments and other datasets to develop AI-ready decision support systems for sustainable soil management publicado no portal EU Funding & Tenders. Consultar a página oficial para confirmar âmbito, elegibilidade e documentação.",environment,"{""scope""=>""unknown"", ""areas""=>[]}",67,A investigar,"Esta oportunidade é relevante porque aceita autarquias ou entidades públicas como candidatas, incide em temas relevantes para políticas locais, tem prazo próximo.",Prazo muito próximo
eu-ft-horizon-cl6-2026-01-biodiv-03,Pushing the frontier of knowledge and conservation action for deep sea ecosystems,Horizon Europe,2026-04-17,2026-09-23,"€18,000,000 total; até €9,000,000/projeto",EU Funding & Tenders Portal,https://ec.europa.eu/info/funding-tenders/opportunities/portal/screen/opportunities/topic-details/horizon-cl6-2026-01-biodiv-03,"",Entidades públicas,known,O texto da oportunidade indica requisitos de consórcio ou parceria; confirmar no aviso oficial.,"","Aviso Pushing the frontier of knowledge and conservation action for deep sea ecosystems publicado no portal EU Funding & Tenders. Consultar a página oficial para confirmar âmbito, elegibilidade e documentação.",environment,"{""scope""=>""unknown"", ""areas""=>[]}",67,A investigar,"Esta oportunidade é relevante porque aceita autarquias ou entidades públicas como candidatas, incide em temas relevantes para políticas locais, tem prazo próximo.",Prazo muito próximo
eu-ft-horizon-miss-2026-04-cit-02,Transition to low-temperature heating solutions in multi-apartment buildings,Horizon Europe,2026-02-04,2026-10-08,"€18,000,000 total; até €6,000,000/projeto",EU Funding & Tenders Portal,https://ec.europa.eu/info/funding-tenders/opportunities/portal/screen/opportunities/topic-details/horizon-miss-2026-04-cit-02,"",Municípios ou autoridades locais,known,O texto da oportunidade indica requisitos de consórcio ou parceria; confirmar no aviso oficial.,"","Aviso Transition to low-temperature heating solutions in multi-apartment buildings publicado no portal EU Funding & Tenders. Consultar a página oficial para confirmar âmbito, elegibilidade e documentação.",climate,"{""scope""=>""unknown"", ""areas""=>[]}",67,A investigar,"Esta oportunidade é relevante porque aceita autarquias ou entidades públicas como candidatas, incide em temas relevantes para políticas locais, tem prazo próximo.",Prazo muito próximo
pt2030-8585,Proteção e defesa do litoral - ações imateriais - 3º Aviso,SUSTENTAVEL2030,2026-10-01,2027-01-31,"€4,700,000",Portugal 2030,https://portugal2030.pt/plano-anual-de-avisos/#aviso-8585,"",Entidades públicas,known,"",FC · Norte | Algarve | Centro | AML | Alentejo,"Aviso Portugal 2030 para RSO2.4 - Adaptação às alterações climáticas; FC; Norte | Algarve | Centro | AML | Alentejo. Consultar o plano oficial para confirmar condições, documentação e candidatura.",environment,"{""scope""=>""regional"", ""areas""=>[""Área Metropolitana de Lisboa""]}",67,A investigar,"Esta oportunidade é relevante porque aceita autarquias ou entidades públicas como candidatas, incide em temas relevantes para políticas locais, tem incidência territorial em Lisboa ou na Área Metropolitana de Lisboa.",Prazo com margem
pt2030-8537,Tratamento em Estações de Tratamento de Águas Residuais (ETAR) para produção de Água para Reutilização (ApR),SUSTENTAVEL2030,2026-09-01,2027-09-30,"€30,000,000",Portugal 2030,https://portugal2030.pt/plano-anual-de-avisos/#aviso-8537,"",Entidades públicas,known,"",FC · Norte | Algarve | Centro | AML | Alentejo,"Aviso Portugal 2030 para RSO2.5 - Gestão sustentável da água; FC; Norte | Algarve | Centro | AML | Alentejo. Consultar o plano oficial para confirmar condições, documentação e candidatura.",environment,"{""scope""=>""regional"", ""areas""=>[""Área Metropolitana de Lisboa""]}",67,A investigar,"Esta oportunidade é relevante porque aceita autarquias ou entidades públicas como candidatas, incide em temas relevantes para políticas locais, tem incidência territorial em Lisboa ou na Área Metropolitana de Lisboa.",Prazo com margem
eui-call-for-project-development-assistance-projects,Call for Project Development Assistance Projects,European Urban Initiative,,,"€6,000,000",European Urban Initiative,https://portico.urban-initiative.eu/urban-panorama/circular-cities-and-regions-initiative,https://ec.europa.eu/info/funding-tenders/opportunities/docs/2021-2027/horizon/wp-call/2023-2024/wp-9-food-bioeconomy-natural-resources-agriculture-and-environment_horizon-2023-2024_en.pdf,"Local/regional authorities, utilities and services, industry, etc",known,Confirm partnership requirements in the official call.,Open · &nbsp; grant Funding support :&nbsp; EUR 6.00 million Find out more,Resumo limitado; consultar a página oficial da oportunidade.,community_development; environment,"{""scope""=>""unknown"", ""areas""=>[]}",65,A investigar,"Esta oportunidade é relevante porque aceita autarquias ou entidades públicas como candidatas, incide em temas relevantes para políticas locais.",Prazo por confirmar
eu-ft-horizon-hlth-2027-01-stayhlth-01,Addressing disabilities through the life course to support independent living and inclusion,Horizon Europe,2027-02-10,2027-04-13,"€39,300,000 total; até €8,000,000/projeto",EU Funding & Tenders Portal,https://ec.europa.eu/info/funding-tenders/opportunities/portal/screen/opportunities/topic-details/horizon-hlth-2027-01-stayhlth-01,"",Entidades públicas,known,O texto da oportunidade indica requisitos de consórcio ou parceria; confirmar no aviso oficial.,"","Aviso Addressing disabilities through the life course to support independent living and inclusion publicado no portal EU Funding & Tenders. Consultar a página oficial para confirmar âmbito, elegibilidade e documentação.",accessibility; inclusion,"{""scope""=>""unknown"", ""areas""=>[]}",65,A investigar,"Esta oportunidade é relevante porque aceita autarquias ou entidades públicas como candidatas, incide em temas relevantes para políticas locais.",Prazo com margem
eu-ft-horizon-cl6-2027-01-circbio-06,Towards a Europe of Bioeconomy Places,Horizon Europe,2027-04-20,2027-09-22,"€12,000,000 total; até €6,000,000/projeto",EU Funding & Tenders Portal,https://ec.europa.eu/info/funding-tenders/opportunities/portal/screen/opportunities/topic-details/horizon-cl6-2027-01-circbio-06,"",Municípios ou autoridades locais,known,O texto da oportunidade indica requisitos de consórcio ou parceria; confirmar no aviso oficial.,"","Aviso Towards a Europe of Bioeconomy Places publicado no portal EU Funding & Tenders. Consultar a página oficial para confirmar âmbito, elegibilidade e documentação.",community_development; environment,"{""scope""=>""unknown"", ""areas""=>[]}",65,A investigar,"Esta oportunidade é relevante porque aceita autarquias ou entidades públicas como candidatas, incide em temas relevantes para políticas locais.",Prazo com margem
eu-ft-horizon-cl2-2027-01-transfo-07,Persons with disabilities: opportunities for labour inclusion and social protection through the life course,Horizon Europe,2027-05-13,2027-09-23,"€12,000,000 total; até €4,000,000/projeto",EU Funding & Tenders Portal,https://ec.europa.eu/info/funding-tenders/opportunities/portal/screen/opportunities/topic-details/horizon-cl2-2027-01-transfo-07,"",Entidades públicas,known,O texto da oportunidade indica requisitos de consórcio ou parceria; confirmar no aviso oficial.,"","Aviso Persons with disabilities: opportunities for labour inclusion and social protection through the life course publicado no portal EU Funding & Tenders. Consultar a página oficial para confirmar âmbito, elegibilidade e documentação.",accessibility; inclusion,"{""scope""=>""unknown"", ""areas""=>[]}",65,A investigar,"Esta oportunidade é relevante porque aceita autarquias ou entidades públicas como candidatas, incide em temas relevantes para políticas locais.",Prazo com margem
eu-ft-horizon-cl3-2027-01-fct-04,"Open topic on increasing security of citizens against terrorism, including in public spaces",Horizon Europe,2027-05-05,2027-11-04,"€9,000,000 total; até €4,500,000/projeto",EU Funding & Tenders Portal,https://ec.europa.eu/info/funding-tenders/opportunities/portal/screen/opportunities/topic-details/horizon-cl3-2027-01-fct-04,"",Entidades públicas,known,O texto da oportunidade indica requisitos de consórcio ou parceria; confirmar no aviso oficial.,"","Aviso Open topic on increasing security of citizens against terrorism, including in public spaces publicado no portal EU Funding & Tenders. Consultar a página oficial para confirmar âmbito, elegibilidade e documentação.",public_space; equality,"{""scope""=>""unknown"", ""areas""=>[]}",65,A investigar,"Esta oportunidade é relevante porque aceita autarquias ou entidades públicas como candidatas, incide em temas relevantes para políticas locais.",Prazo com margem
eu-ft-horizon-cl3-2026-01-fct-02,"Open topic on preventing and countering the misuse of emerging technologies for criminal purposes, including issues related to lawful access to data",Horizon Europe,2026-05-06,2026-11-05,"€9,000,000 total; até €4,500,000/projeto",EU Funding & Tenders Portal,https://ec.europa.eu/info/funding-tenders/opportunities/portal/screen/opportunities/topic-details/horizon-cl3-2026-01-fct-02,"",Entidades públicas,known,O texto da oportunidade indica requisitos de consórcio ou parceria; confirmar no aviso oficial.,"","Aviso Open topic on preventing and countering the misuse of emerging technologies for criminal purposes, including issues related to lawful access to data publicado no portal EU Funding & Tenders. Consultar a página oficial para confirmar âmbito, elegibilidade e documentação.",equality,"{""scope""=>""unknown"", ""areas""=>[]}",64,A investigar,"Esta oportunidade é relevante porque aceita autarquias ou entidades públicas como candidatas, incide em temas relevantes para políticas locais, tem janela de preparação curta.",Prazo próximo
eu-ft-horizon-neb-2026-01-business-03,"Approaches to reuse vacant, obsolete or underutilised spaces",Horizon Europe,2026-05-05,2026-12-01,"€9,000,000 total; até €4,500,000/projeto",EU Funding & Tenders Portal,https://ec.europa.eu/info/funding-tenders/opportunities/portal/screen/opportunities/topic-details/horizon-neb-2026-01-business-03,"",Municípios ou autoridades locais; Entidades públicas,known,"","","Aviso Approaches to reuse vacant, obsolete or underutilised spaces publicado no portal EU Funding & Tenders. Consultar a página oficial para confirmar âmbito, elegibilidade e documentação.",inclusion; environment,"{""scope""=>""unknown"", ""areas""=>[]}",64,A investigar,"Esta oportunidade é relevante porque aceita autarquias ou entidades públicas como candidatas, incide em temas relevantes para políticas locais.",Prazo com margem
eu-ft-horizon-miss-2027-04-cit-03,Inclusive and climate resilient multimodal passenger hubs enhancing modal shift towards sustainable transport and shared mobility,Horizon Europe,2027-02-09,2027-10-07,"€18,000,000 total; até €9,000,000/projeto",EU Funding & Tenders Portal,https://ec.europa.eu/info/funding-tenders/opportunities/portal/screen/opportunities/topic-details/horizon-miss-2027-04-cit-03,"",Municípios ou autoridades locais,known,O texto da oportunidade indica requisitos de consórcio ou parceria; confirmar no aviso oficial.,"","Aviso Inclusive and climate resilient multimodal passenger hubs enhancing modal shift towards sustainable transport and shared mobility publicado no portal EU Funding & Tenders. Consultar a página oficial para confirmar âmbito, elegibilidade e documentação.",climate; mobility,"{""scope""=>""unknown"", ""areas""=>[]}",64,A investigar,"Esta oportunidade é relevante porque aceita autarquias ou entidades públicas como candidatas, incide em temas relevantes para políticas locais.",Prazo com margem
eu-ft-life-2026-plp-ener-compliance,Ecodesign and energy labelling compliance support facility for suppliers and retailers,LIFE,2026-04-21,2026-09-22,"€2,500,000 total",EU Funding & Tenders Portal,https://ec.europa.eu/info/funding-tenders/opportunities/portal/screen/opportunities/topic-details/life-2026-plp-ener-compliance,"",Entidades públicas,known,O texto da oportunidade indica requisitos de consórcio ou parceria; confirmar no aviso oficial.,"","Aviso Ecodesign and energy labelling compliance support facility for suppliers and retailers publicado no portal EU Funding & Tenders. Consultar a página oficial para confirmar âmbito, elegibilidade e documentação.","","{""scope""=>""unknown"", ""areas""=>[]}",63,A investigar,"Esta oportunidade é relevante porque aceita autarquias ou entidades públicas como candidatas, tem prazo próximo.",Prazo muito próximo
eu-ft-life-2026-ta-pp-clima-sip,technical Assistance preparation of CLIMA SIPs,LIFE,2026-04-21,2026-09-22,"€200,000 total",EU Funding & Tenders Portal,https://ec.europa.eu/info/funding-tenders/opportunities/portal/screen/opportunities/topic-details/life-2026-ta-pp-clima-sip,"",Municípios ou autoridades locais,known,"","","Aviso technical Assistance preparation of CLIMA SIPs publicado no portal EU Funding & Tenders. Consultar a página oficial para confirmar âmbito, elegibilidade e documentação.","","{""scope""=>""unknown"", ""areas""=>[]}",63,A investigar,"Esta oportunidade é relevante porque aceita autarquias ou entidades públicas como candidatas, tem prazo próximo.",Prazo muito próximo
eu-ft-horizon-miss-2026-01-clima-07,Supporting financing of local adaptation actions with combination of public funding and private financing,Horizon Europe,2026-02-04,2026-09-23,"€20,000,000 total; até €20,000,000/projeto",EU Funding & Tenders Portal,https://ec.europa.eu/info/funding-tenders/opportunities/portal/screen/opportunities/topic-details/horizon-miss-2026-01-clima-07,"",Municípios ou autoridades locais,known,O texto da oportunidade indica requisitos de consórcio ou parceria; confirmar no aviso oficial.,"","Aviso Supporting financing of local adaptation actions with combination of public funding and private financing publicado no portal EU Funding & Tenders. Consultar a página oficial para confirmar âmbito, elegibilidade e documentação.","","{""scope""=>""unknown"", ""areas""=>[]}",63,A investigar,"Esta oportunidade é relevante porque aceita autarquias ou entidades públicas como candidatas, tem prazo próximo.",Prazo muito próximo
eu-ft-digital-2026-bestuse-10-networksics,Ensuring comprehensive geographical coverage of the Network of Safer Internet Centres (SICs),Europa Digital,2026-04-21,2026-10-01,"€24,400,000 total",EU Funding & Tenders Portal,https://ec.europa.eu/info/funding-tenders/opportunities/portal/screen/opportunities/topic-details/digital-2026-bestuse-10-networksics,"",Entidades públicas,known,O texto da oportunidade indica requisitos de consórcio ou parceria; confirmar no aviso oficial.,"","Aviso Ensuring comprehensive geographical coverage of the Network of Safer Internet Centres (SICs) publicado no portal EU Funding & Tenders. Consultar a página oficial para confirmar âmbito, elegibilidade e documentação.","","{""scope""=>""unknown"", ""areas""=>[]}",63,A investigar,"Esta oportunidade é relevante porque aceita autarquias ou entidades públicas como candidatas, tem prazo próximo.",Prazo muito próximo
eu-ft-horizon-cl5-2026-10-d6-01,Flagship-pilot: large-scale demonstrations of CCAM (CCAM Partnership),Horizon Europe,2026-06-04,2026-10-08,"€100,000,000 total; até €100,000,000/projeto",EU Funding & Tenders Portal,https://ec.europa.eu/info/funding-tenders/opportunities/portal/screen/opportunities/topic-details/horizon-cl5-2026-10-d6-01,"",Municípios ou autoridades locais,known,O texto da oportunidade indica requisitos de consórcio ou parceria; confirmar no aviso oficial.,"","Aviso Flagship-pilot: large-scale demonstrations of CCAM (CCAM Partnership) publicado no portal EU Funding & Tenders. Consultar a página oficial para confirmar âmbito, elegibilidade e documentação.","","{""scope""=>""unknown"", ""areas""=>[]}",63,A investigar,"Esta oportunidade é relevante porque aceita autarquias ou entidades públicas como candidatas, tem prazo próximo.",Prazo muito próximo
eu-ft-horizon-cl5-2026-10-d6-09,Road Safety and resilience of rural areas,Horizon Europe,2026-06-04,2026-10-08,"€12,000,000 total; até €6,000,000/projeto",EU Funding & Tenders Portal,https://ec.europa.eu/info/funding-tenders/opportunities/portal/screen/opportunities/topic-details/horizon-cl5-2026-10-d6-09,"",Municípios ou autoridades locais,known,"","","Aviso Road Safety and resilience of rural areas publicado no portal EU Funding & Tenders. Consultar a página oficial para confirmar âmbito, elegibilidade e documentação.","","{""scope""=>""unknown"", ""areas""=>[]}",63,A investigar,"Esta oportunidade é relevante porque aceita autarquias ou entidades públicas como candidatas, tem prazo próximo.",Prazo muito próximo
eu-ft-cef-dig-2026-cable-repair-capacities-works,Submarine Cable Repair Capacities - Works,Connecting Europe Facility,2026-06-23,2026-10-08,"€40,000,000 total",EU Funding & Tenders Portal,https://ec.europa.eu/info/funding-tenders/opportunities/portal/screen/opportunities/topic-details/cef-dig-2026-cable-repair-capacities-works,"",Entidades públicas,known,"","","Aviso Submarine Cable Repair Capacities - Works publicado no portal EU Funding & Tenders. Consultar a página oficial para confirmar âmbito, elegibilidade e documentação.","","{""scope""=>""unknown"", ""areas""=>[]}",63,A investigar,"Esta oportunidade é relevante porque aceita autarquias ou entidades públicas como candidatas, tem prazo próximo.",Prazo muito próximo
eu-ft-horizon-cl2-2026-02-transfo-01,Co-funded European Partnership for Social Transformations and Resilience,Horizon Europe,2026-05-12,2026-10-13,"€60,000,000 total; até €60,000,000/projeto",EU Funding & Tenders Portal,https://ec.europa.eu/info/funding-tenders/opportunities/portal/screen/opportunities/topic-details/horizon-cl2-2026-02-transfo-01,"",Municípios ou autoridades locais; Entidades públicas,known,O texto da oportunidade indica requisitos de consórcio ou parceria; confirmar no aviso oficial.,"","Aviso Co-funded European Partnership for Social Transformations and Resilience publicado no portal EU Funding & Tenders. Consultar a página oficial para confirmar âmbito, elegibilidade e documentação.",climate,"{""scope""=>""unknown"", ""areas""=>[]}",63,A investigar,"Esta oportunidade é relevante porque aceita autarquias ou entidades públicas como candidatas, incide em temas relevantes para políticas locais, tem janela de preparação curta.",Prazo próximo
eu-ft-horizon-cl3-2026-01-drs-05,Climate security and civil preparedness – new ways to develop pre- and post-crisis climate-change related scenarios for a more resilient Europe,Horizon Europe,2026-05-06,2026-11-05,"€4,500,000 total; até €4,500,000/projeto",EU Funding & Tenders Portal,https://ec.europa.eu/info/funding-tenders/opportunities/portal/screen/opportunities/topic-details/horizon-cl3-2026-01-drs-05,"",Entidades públicas,known,O texto da oportunidade indica requisitos de consórcio ou parceria; confirmar no aviso oficial.,"","Aviso Climate security and civil preparedness – new ways to develop pre- and post-crisis climate-change related scenarios for a more resilient Europe publicado no portal EU Funding & Tenders. Consultar a página oficial para confirmar âmbito, elegibilidade e documentação.",climate,"{""scope""=>""unknown"", ""areas""=>[]}",63,A investigar,"Esta oportunidade é relevante porque aceita autarquias ou entidades públicas como candidatas, incide em temas relevantes para políticas locais, tem janela de preparação curta.",Prazo próximo
eu-ft-horizon-cl3-2026-01-fct-01,Improving capabilities of law enforcement to counter climate-related challenges,Horizon Europe,2026-05-06,2026-11-05,"€8,000,000 total; até €4,000,000/projeto",EU Funding & Tenders Portal,https://ec.europa.eu/info/funding-tenders/opportunities/portal/screen/opportunities/topic-details/horizon-cl3-2026-01-fct-01,"",Entidades públicas,known,O texto da oportunidade indica requisitos de consórcio ou parceria; confirmar no aviso oficial.,"","Aviso Improving capabilities of law enforcement to counter climate-related challenges publicado no portal EU Funding & Tenders. Consultar a página oficial para confirmar âmbito, elegibilidade e documentação.",climate,"{""scope""=>""unknown"", ""areas""=>[]}",63,A investigar,"Esta oportunidade é relevante porque aceita autarquias ou entidades públicas como candidatas, incide em temas relevantes para políticas locais, tem janela de preparação curta.",Prazo próximo
pt2030-8608,Assistência Técnica FAMI 2030,FAMI2030,2026-10-01,2026-11-30,"€5,200,000",Portugal 2030,https://portugal2030.pt/plano-anual-de-avisos/#aviso-8608,"",Entidades públicas,known,"",FAMI · Norte | RAM | RAA | Alentejo | AML | Centro | Algarve,"Aviso Portugal 2030 para TA.36(5) - Assistência técnica - taxa fixa (artigo 36.º, n.º 5, do RDC); FAMI; Norte | RAM | RAA | Alentejo | AML | Centro | Algarve. Consultar o plano oficial para confirmar condições, documentação e candidatura.","","{""scope""=>""regional"", ""areas""=>[""Área Metropolitana de Lisboa""]}",63,A investigar,"Esta oportunidade é relevante porque aceita autarquias ou entidades públicas como candidatas, tem incidência territorial em Lisboa ou na Área Metropolitana de Lisboa.",Prazo com margem
pt2030-8511,Funcionamento de CIT multifunções e espaços equiparados,FAMI2030,2026-10-01,2027-01-31,"€5,895,000",Portugal 2030,https://portugal2030.pt/plano-anual-de-avisos/#aviso-8511,"",Entidades públicas,known,"",FAMI · RAM | Norte | Algarve | Centro | AML | RAA | Alentejo,"Aviso Portugal 2030 para HSO9.3 - Voltar; FAMI; RAM | Norte | Algarve | Centro | AML | RAA | Alentejo. Consultar o plano oficial para confirmar condições, documentação e candidatura.","","{""scope""=>""regional"", ""areas""=>[""Área Metropolitana de Lisboa""]}",63,A investigar,"Esta oportunidade é relevante porque aceita autarquias ou entidades públicas como candidatas, tem incidência territorial em Lisboa ou na Área Metropolitana de Lisboa.",Prazo com margem
eu-ft-horizon-hlth-2027-01-envhlth-02,Integrating climate-related exposures into the human exposome and characterising its changes in response to climate change,Horizon Europe,2027-02-10,2027-04-13,"€45,000,000 total; até €11,000,000/projeto",EU Funding & Tenders Portal,https://ec.europa.eu/info/funding-tenders/opportunities/portal/screen/opportunities/topic-details/horizon-hlth-2027-01-envhlth-02,"",Municípios ou autoridades locais,known,O texto da oportunidade indica requisitos de consórcio ou parceria; confirmar no aviso oficial.,"","Aviso Integrating climate-related exposures into the human exposome and characterising its changes in response to climate change publicado no portal EU Funding & Tenders. Consultar a página oficial para confirmar âmbito, elegibilidade e documentação.",climate; environment,"{""scope""=>""unknown"", ""areas""=>[]}",63,A investigar,"Esta oportunidade é relevante porque aceita autarquias ou entidades públicas como candidatas, incide em temas relevantes para políticas locais.",Prazo com margem
eu-ft-horizon-cl6-2027-01-biodiv-05,Accelerating the transition to a nature positive economy: Integrating biodiversity into the private sector,Horizon Europe,2027-04-20,2027-09-22,"€14,000,000 total; até €7,000,000/projeto",EU Funding & Tenders Portal,https://ec.europa.eu/info/funding-tenders/opportunities/portal/screen/opportunities/topic-details/horizon-cl6-2027-01-biodiv-05,"",Entidades públicas,known,O texto da oportunidade indica requisitos de consórcio ou parceria; confirmar no aviso oficial.,"","Aviso Accelerating the transition to a nature positive economy: Integrating biodiversity into the private sector publicado no portal EU Funding & Tenders. Consultar a página oficial para confirmar âmbito, elegibilidade e documentação.",environment; climate,"{""scope""=>""unknown"", ""areas""=>[]}",63,A investigar,"Esta oportunidade é relevante porque aceita autarquias ou entidades públicas como candidatas, incide em temas relevantes para políticas locais.",Prazo com margem
pt2030-8614,SICE - Internacionalização das PME - Operações em conjunto,COMPETE2030 / LISBOA2030 / ALGARVE2030,2027-01-04,2027-12-30,"€51,000,000",Portugal 2030,https://portugal2030.pt/plano-anual-de-avisos/#aviso-8614,"",Entidades públicas; Entidades privadas,known,"",FEDER · Norte | Algarve | Centro | AML | Alentejo,"Aviso Portugal 2030 para RSO1.3 - Crescimento e competitividade das PMEs; FEDER; Norte | Algarve | Centro | AML | Alentejo. Consultar o plano oficial para confirmar condições, documentação e candidatura.","","{""scope""=>""regional"", ""areas""=>[""Área Metropolitana de Lisboa""]}",63,A investigar,"Esta oportunidade é relevante porque aceita autarquias ou entidades públicas como candidatas, tem incidência territorial em Lisboa ou na Área Metropolitana de Lisboa.",Prazo com margem
eu-ft-horizon-cl2-2027-01-democracy-01,"Advisory support and network for countering and preventing radicalisation, extremism, hate speech and polarisation",Horizon Europe,2027-05-13,2027-09-23,"€3,500,000 total; até €3,500,000/projeto",EU Funding & Tenders Portal,https://ec.europa.eu/info/funding-tenders/opportunities/portal/screen/opportunities/topic-details/horizon-cl2-2027-01-democracy-01,"",Municípios ou autoridades locais; Entidades públicas,known,O texto da oportunidade indica requisitos de consórcio ou parceria; confirmar no aviso oficial.,"","Aviso Advisory support and network for countering and preventing radicalisation, extremism, hate speech and polarisation publicado no portal EU Funding & Tenders. Consultar a página oficial para confirmar âmbito, elegibilidade e documentação.",civic_participation,"{""scope""=>""unknown"", ""areas""=>[]}",61,A investigar,"Esta oportunidade é relevante porque aceita autarquias ou entidades públicas como candidatas, incide em temas relevantes para políticas locais.",Prazo com margem
eu-ft-horizon-cl3-2027-01-drs-02,"Societal resilience, engagement of the younger generations and digital innovation for disaster resilience",Horizon Europe,2027-05-05,2027-11-04,"€6,000,000 total; até €3,000,000/projeto",EU Funding & Tenders Portal,https://ec.europa.eu/info/funding-tenders/opportunities/portal/screen/opportunities/topic-details/horizon-cl3-2027-01-drs-02,"",Municípios ou autoridades locais,known,O texto da oportunidade indica requisitos de consórcio ou parceria; confirmar no aviso oficial.,"","Aviso Societal resilience, engagement of the younger generations and digital innovation for disaster resilience publicado no portal EU Funding & Tenders. Consultar a página oficial para confirmar âmbito, elegibilidade e documentação.",community_development,"{""scope""=>""unknown"", ""areas""=>[]}",61,A investigar,"Esta oportunidade é relevante porque aceita autarquias ou entidades públicas como candidatas, incide em temas relevantes para políticas locais.",Prazo com margem
pt2030-8491,Oficiais de ligação de imigração,FAMI2030,2026-09-01,2026-11-30,"€1,046,445",Portugal 2030,https://portugal2030.pt/plano-anual-de-avisos/#aviso-8491,"",Entidades públicas,known,"",FAMI · Extra-Regio NUTS II,"Aviso Portugal 2030 para HSO9.3 - Voltar; FAMI; Extra-Regio NUTS II. Consultar o plano oficial para confirmar condições, documentação e candidatura.",inclusion,"{""scope""=>""national"", ""areas""=>[""Portugal""]}",60,A investigar,"Esta oportunidade é relevante porque aceita autarquias ou entidades públicas como candidatas, incide em temas relevantes para políticas locais.",Prazo com margem
eu-ft-horizon-cl3-2027-01-fct-02,Community policing in diverse societies in Europe,Horizon Europe,2027-05-05,2027-11-04,"€6,000,000 total; até €3,000,000/projeto",EU Funding & Tenders Portal,https://ec.europa.eu/info/funding-tenders/opportunities/portal/screen/opportunities/topic-details/horizon-cl3-2027-01-fct-02,"",Entidades públicas,known,O texto da oportunidade indica requisitos de consórcio ou parceria; confirmar no aviso oficial.,"","Aviso Community policing in diverse societies in Europe publicado no portal EU Funding & Tenders. Consultar a página oficial para confirmar âmbito, elegibilidade e documentação.",accessibility,"{""scope""=>""unknown"", ""areas""=>[]}",60,A investigar,"Esta oportunidade é relevante porque aceita autarquias ou entidades públicas como candidatas, incide em temas relevantes para políticas locais.",Prazo com margem
eu-ft-horizon-cl3-2027-01-fct-03,"Open topic on enhanced prevention, detection and deterrence of societal issues related to various forms of crime",Horizon Europe,2027-05-05,2027-11-04,"€6,000,000 total; até €3,000,000/projeto",EU Funding & Tenders Portal,https://ec.europa.eu/info/funding-tenders/opportunities/portal/screen/opportunities/topic-details/horizon-cl3-2027-01-fct-03,"",Entidades públicas,known,O texto da oportunidade indica requisitos de consórcio ou parceria; confirmar no aviso oficial.,"","Aviso Open topic on enhanced prevention, detection and deterrence of societal issues related to various forms of crime publicado no portal EU Funding & Tenders. Consultar a página oficial para confirmar âmbito, elegibilidade e documentação.",equality,"{""scope""=>""unknown"", ""areas""=>[]}",60,A investigar,"Esta oportunidade é relevante porque aceita autarquias ou entidades públicas como candidatas, incide em temas relevantes para políticas locais.",Prazo com margem
eu-ft-horizon-eic-2026-pathfinderchallenges-01-01,Advanced Materials for Miniaturised Energy Harvesting Systems,Horizon Europe,2026-07-22,2026-10-28,"€96,000,000 total; até €4,000,000/projeto",EU Funding & Tenders Portal,https://ec.europa.eu/info/funding-tenders/opportunities/portal/screen/opportunities/topic-details/horizon-eic-2026-pathfinderchallenges-01-01,"",Municípios ou autoridades locais,known,O texto da oportunidade indica requisitos de consórcio ou parceria; confirmar no aviso oficial.,"","Aviso Advanced Materials for Miniaturised Energy Harvesting Systems publicado no portal EU Funding & Tenders. Consultar a página oficial para confirmar âmbito, elegibilidade e documentação.","","{""scope""=>""unknown"", ""areas""=>[]}",59,A investigar,"Esta oportunidade é relevante porque aceita autarquias ou entidades públicas como candidatas, tem janela de preparação curta.",Prazo próximo
eu-ft-horizon-cl3-2026-01-fct-04,"Crime prevention approaches, online and off-line, tackling the nexus between addictions and crime",Horizon Europe,2026-05-06,2026-11-05,"€6,000,000 total; até €3,000,000/projeto",EU Funding & Tenders Portal,https://ec.europa.eu/info/funding-tenders/opportunities/portal/screen/opportunities/topic-details/horizon-cl3-2026-01-fct-04,"",Entidades públicas,known,O texto da oportunidade indica requisitos de consórcio ou parceria; confirmar no aviso oficial.,"","Aviso Crime prevention approaches, online and off-line, tackling the nexus between addictions and crime publicado no portal EU Funding & Tenders. Consultar a página oficial para confirmar âmbito, elegibilidade e documentação.","","{""scope""=>""unknown"", ""areas""=>[]}",59,A investigar,"Esta oportunidade é relevante porque aceita autarquias ou entidades públicas como candidatas, tem janela de preparação curta.",Prazo próximo
eu-ft-horizon-cl3-2026-01-drs-01,Designing new ways of risk awareness and enhanced disaster preparedness,Horizon Europe,2026-05-06,2026-11-05,"€6,000,000 total; até €3,000,000/projeto",EU Funding & Tenders Portal,https://ec.europa.eu/info/funding-tenders/opportunities/portal/screen/opportunities/topic-details/horizon-cl3-2026-01-drs-01,"",Entidades públicas,known,O texto da oportunidade indica requisitos de consórcio ou parceria; confirmar no aviso oficial.,"","Aviso Designing new ways of risk awareness and enhanced disaster preparedness publicado no portal EU Funding & Tenders. Consultar a página oficial para confirmar âmbito, elegibilidade e documentação.","","{""scope""=>""unknown"", ""areas""=>[]}",59,A investigar,"Esta oportunidade é relevante porque aceita autarquias ou entidades públicas como candidatas, tem janela de preparação curta.",Prazo próximo
eu-ft-horizon-cl3-2026-01-drs-03,"Development of innovative tools, processes, equipment and technologies through responses to disasters and emergencies for search and rescue in hazardous conditions",Horizon Europe,2026-05-06,2026-11-05,"€8,000,000 total; até €4,000,000/projeto",EU Funding & Tenders Portal,https://ec.europa.eu/info/funding-tenders/opportunities/portal/screen/opportunities/topic-details/horizon-cl3-2026-01-drs-03,"",Entidades públicas,known,O texto da oportunidade indica requisitos de consórcio ou parceria; confirmar no aviso oficial.,"","Aviso Development of innovative tools, processes, equipment and technologies through responses to disasters and emergencies for search and rescue in hazardous conditions publicado no portal EU Funding & Tenders. Consultar a página oficial para confirmar âmbito, elegibilidade e documentação.","","{""scope""=>""unknown"", ""areas""=>[]}",59,A investigar,"Esta oportunidade é relevante porque aceita autarquias ou entidades públicas como candidatas, tem janela de preparação curta.",Prazo próximo
eu-ft-horizon-cl3-2026-01-fct-05,Enhancing the security of citizens against terrorism and lone-actor violence in confined spaces such as schools,Horizon Europe,2026-05-06,2026-11-05,"€9,670,000 total; até €4,835,000/projeto",EU Funding & Tenders Portal,https://ec.europa.eu/info/funding-tenders/opportunities/portal/screen/opportunities/topic-details/horizon-cl3-2026-01-fct-05,"",Entidades públicas,known,O texto da oportunidade indica requisitos de consórcio ou parceria; confirmar no aviso oficial.,"","Aviso Enhancing the security of citizens against terrorism and lone-actor violence in confined spaces such as schools publicado no portal EU Funding & Tenders. Consultar a página oficial para confirmar âmbito, elegibilidade e documentação.","","{""scope""=>""unknown"", ""areas""=>[]}",59,A investigar,"Esta oportunidade é relevante porque aceita autarquias ou entidades públicas como candidatas, tem janela de preparação curta.",Prazo próximo
eu-ft-horizon-cl3-2026-01-fct-03,Missing persons: prevention and investigation,Horizon Europe,2026-05-06,2026-11-05,"€5,000,000 total; até €5,000,000/projeto",EU Funding & Tenders Portal,https://ec.europa.eu/info/funding-tenders/opportunities/portal/screen/opportunities/topic-details/horizon-cl3-2026-01-fct-03,"",Entidades públicas,known,O texto da oportunidade indica requisitos de consórcio ou parceria; confirmar no aviso oficial.,"","Aviso Missing persons: prevention and investigation publicado no portal EU Funding & Tenders. Consultar a página oficial para confirmar âmbito, elegibilidade e documentação.","","{""scope""=>""unknown"", ""areas""=>[]}",59,A investigar,"Esta oportunidade é relevante porque aceita autarquias ou entidades públicas como candidatas, tem janela de preparação curta.",Prazo próximo
eu-ft-horizon-cl3-2026-01-drs-02,Multi-hazard approach and cumulative / cascading impacts,Horizon Europe,2026-05-06,2026-11-05,"€8,000,000 total; até €4,000,000/projeto",EU Funding & Tenders Portal,https://ec.europa.eu/info/funding-tenders/opportunities/portal/screen/opportunities/topic-details/horizon-cl3-2026-01-drs-02,"",Entidades públicas,known,O texto da oportunidade indica requisitos de consórcio ou parceria; confirmar no aviso oficial.,"","Aviso Multi-hazard approach and cumulative / cascading impacts publicado no portal EU Funding & Tenders. Consultar a página oficial para confirmar âmbito, elegibilidade e documentação.","","{""scope""=>""unknown"", ""areas""=>[]}",59,A investigar,"Esta oportunidade é relevante porque aceita autarquias ou entidades públicas como candidatas, tem janela de preparação curta.",Prazo próximo
eu-ft-cerv-2026-daphne-prevention,Preventing gender-based violence,CERV,2026-07-07,2026-11-05,"€21,000,000 total",EU Funding & Tenders Portal,https://ec.europa.eu/info/funding-tenders/opportunities/portal/screen/opportunities/topic-details/cerv-2026-daphne-prevention,"",Entidades públicas,known,"","","Aviso Preventing gender-based violence publicado no portal EU Funding & Tenders. Consultar a página oficial para confirmar âmbito, elegibilidade e documentação.","","{""scope""=>""unknown"", ""areas""=>[]}",59,A investigar,"Esta oportunidade é relevante porque aceita autarquias ou entidades públicas como candidatas, tem janela de preparação curta.",Prazo próximo
eu-ft-cerv-2026-daphne-protection,Protecting and supporting victims and survivors of gender-based violence.,CERV,2026-07-07,2026-11-05,"€21,000,000 total",EU Funding & Tenders Portal,https://ec.europa.eu/info/funding-tenders/opportunities/portal/screen/opportunities/topic-details/cerv-2026-daphne-protection,"",Entidades públicas,known,"","","Aviso Protecting and supporting victims and survivors of gender-based violence. publicado no portal EU Funding & Tenders. Consultar a página oficial para confirmar âmbito, elegibilidade e documentação.","","{""scope""=>""unknown"", ""areas""=>[]}",59,A investigar,"Esta oportunidade é relevante porque aceita autarquias ou entidades públicas como candidatas, tem janela de preparação curta.",Prazo próximo
eu-ft-horizon-cl3-2026-01-ssri-03,Public procurement of innovation for security,Horizon Europe,2026-05-06,2026-11-05,"€2,000,000 total; até €2,000,000/projeto",EU Funding & Tenders Portal,https://ec.europa.eu/info/funding-tenders/opportunities/portal/screen/opportunities/topic-details/horizon-cl3-2026-01-ssri-03,"",Municípios ou autoridades locais; Entidades públicas,known,O texto da oportunidade indica requisitos de consórcio ou parceria; confirmar no aviso oficial.,"","Aviso Public procurement of innovation for security publicado no portal EU Funding & Tenders. Consultar a página oficial para confirmar âmbito, elegibilidade e documentação.","","{""scope""=>""unknown"", ""areas""=>[]}",59,A investigar,"Esta oportunidade é relevante porque aceita autarquias ou entidades públicas como candidatas, tem janela de preparação curta.",Prazo próximo
eu-ft-cerv-2026-daphne-children,"Strengthen integrated child protection systems (CPS) incl. via cross-sectoral collaboration, and ensure child-centred, coordinated responses to violence against children, to contribute to the implementation of Commission Recommendation on integrated CPS",CERV,2026-07-07,2026-11-05,"€21,000,000 total",EU Funding & Tenders Portal,https://ec.europa.eu/info/funding-tenders/opportunities/portal/screen/opportunities/topic-details/cerv-2026-daphne-children,"",Entidades públicas,known,"","","Aviso Strengthen integrated child protection systems (CPS) incl. via cross-sectoral collaboration, and ensure child-centred, coordinated responses to violence against children, to contribute to the implementation of Commission Recommendation on integrated CPS publicado no portal EU Funding & Tenders. Consultar a página oficial para confirmar âmbito, elegibilidade e documentação.","","{""scope""=>""unknown"", ""areas""=>[]}",59,A investigar,"Esta oportunidade é relevante porque aceita autarquias ou entidades públicas como candidatas, tem janela de preparação curta.",Prazo próximo
eu-ft-cerv-2026-daphne-regranting,Supporting intermediary organisations (providing financial support to civil society organisations) working in the fields of gender-based violence and violence against children,CERV,2026-07-07,2026-11-05,"€21,000,000 total",EU Funding & Tenders Portal,https://ec.europa.eu/info/funding-tenders/opportunities/portal/screen/opportunities/topic-details/cerv-2026-daphne-regranting,"",Entidades públicas,known,"","","Aviso Supporting intermediary organisations (providing financial support to civil society organisations) working in the fields of gender-based violence and violence against children publicado no portal EU Funding & Tenders. Consultar a página oficial para confirmar âmbito, elegibilidade e documentação.","","{""scope""=>""unknown"", ""areas""=>[]}",59,A investigar,"Esta oportunidade é relevante porque aceita autarquias ou entidades públicas como candidatas, tem janela de preparação curta.",Prazo próximo
eu-ft-cerv-2026-daphne-convention-dir,Supporting the achievement of the objectives of the Council of Europe Convention on preventing and combating violence against women (VAW) and domestic violence in the Union and the implementation of the Directive on combating VAW and domestic violence,CERV,2026-07-07,2026-11-05,"€21,000,000 total",EU Funding & Tenders Portal,https://ec.europa.eu/info/funding-tenders/opportunities/portal/screen/opportunities/topic-details/cerv-2026-daphne-convention-dir,"",Entidades públicas,known,"","","Aviso Supporting the achievement of the objectives of the Council of Europe Convention on preventing and combating violence against women (VAW) and domestic violence in the Union and the implementation of the Directive on combating VAW and domestic violence publicado no portal EU Funding & Tenders. Consultar a página oficial para confirmar âmbito, elegibilidade e documentação.","","{""scope""=>""unknown"", ""areas""=>[]}",59,A investigar,"Esta oportunidade é relevante porque aceita autarquias ou entidades públicas como candidatas, tem janela de preparação curta.",Prazo próximo
eu-ft-horizon-cl3-2026-01-infra-03,"Targeted innovative capabilities for the resilience of critical entities to natural and human-induced disasters, including hybrid scenarios",Horizon Europe,2026-05-06,2026-11-05,"€9,000,000 total; até €4,500,000/projeto",EU Funding & Tenders Portal,https://ec.europa.eu/info/funding-tenders/opportunities/portal/screen/opportunities/topic-details/horizon-cl3-2026-01-infra-03,"",Entidades públicas,known,O texto da oportunidade indica requisitos de consórcio ou parceria; confirmar no aviso oficial.,"","Aviso Targeted innovative capabilities for the resilience of critical entities to natural and human-induced disasters, including hybrid scenarios publicado no portal EU Funding & Tenders. Consultar a página oficial para confirmar âmbito, elegibilidade e documentação.","","{""scope""=>""unknown"", ""areas""=>[]}",59,A investigar,"Esta oportunidade é relevante porque aceita autarquias ou entidades públicas como candidatas, tem janela de preparação curta.",Prazo próximo
eu-ft-horizon-neb-2026-01-regen-02,Advancing sustainable maintenance and repair measures for existing buildings,Horizon Europe,2026-05-05,2026-12-01,"€10,000,000 total; até €5,000,000/projeto",EU Funding & Tenders Portal,https://ec.europa.eu/info/funding-tenders/opportunities/portal/screen/opportunities/topic-details/horizon-neb-2026-01-regen-02,"",Municípios ou autoridades locais,known,"","","Aviso Advancing sustainable maintenance and repair measures for existing buildings publicado no portal EU Funding & Tenders. Consultar a página oficial para confirmar âmbito, elegibilidade e documentação.",environment,"{""scope""=>""unknown"", ""areas""=>[]}",59,A investigar,"Esta oportunidade é relevante porque aceita autarquias ou entidades públicas como candidatas, incide em temas relevantes para políticas locais.",Prazo com margem
eu-ft-horizon-neb-2026-01-regen-03,Innovative solutions for the sustainable and beautiful use of vertical space,Horizon Europe,2026-05-05,2026-12-01,"€15,000,000 total; até €5,000,000/projeto",EU Funding & Tenders Portal,https://ec.europa.eu/info/funding-tenders/opportunities/portal/screen/opportunities/topic-details/horizon-neb-2026-01-regen-03,"",Municípios ou autoridades locais,known,"","","Aviso Innovative solutions for the sustainable and beautiful use of vertical space publicado no portal EU Funding & Tenders. Consultar a página oficial para confirmar âmbito, elegibilidade e documentação.",environment,"{""scope""=>""unknown"", ""areas""=>[]}",59,A investigar,"Esta oportunidade é relevante porque aceita autarquias ou entidades públicas como candidatas, incide em temas relevantes para políticas locais.",Prazo com margem
eu-ft-horizon-miss-2027-05-soil-02-two-stage,Living Labs for co-creating solutions to reduce eutrophication from agriculture,Horizon Europe,2027-02-04,2027-04-08,"€24,000,000 total; até €12,000,000/projeto",EU Funding & Tenders Portal,https://ec.europa.eu/info/funding-tenders/opportunities/portal/screen/opportunities/topic-details/horizon-miss-2027-05-soil-02-two-stage,"",Municípios ou autoridades locais,known,O texto da oportunidade indica requisitos de consórcio ou parceria; confirmar no aviso oficial.,"","Aviso Living Labs for co-creating solutions to reduce eutrophication from agriculture publicado no portal EU Funding & Tenders. Consultar a página oficial para confirmar âmbito, elegibilidade e documentação.",environment,"{""scope""=>""unknown"", ""areas""=>[]}",59,A investigar,"Esta oportunidade é relevante porque aceita autarquias ou entidades públicas como candidatas, incide em temas relevantes para políticas locais.",Prazo com margem
eu-ft-horizon-miss-2027-03-ocean-03,"Green, circular and resilient harbours",Horizon Europe,2027-02-09,2027-09-21,"€11,900,000 total; até €5,950,000/projeto",EU Funding & Tenders Portal,https://ec.europa.eu/info/funding-tenders/opportunities/portal/screen/opportunities/topic-details/horizon-miss-2027-03-ocean-03,"",Municípios ou autoridades locais; Entidades públicas,known,O texto da oportunidade indica requisitos de consórcio ou parceria; confirmar no aviso oficial.,"","Aviso Green, circular and resilient harbours publicado no portal EU Funding & Tenders. Consultar a página oficial para confirmar âmbito, elegibilidade e documentação.",climate,"{""scope""=>""unknown"", ""areas""=>[]}",59,A investigar,"Esta oportunidade é relevante porque aceita autarquias ou entidades públicas como candidatas, incide em temas relevantes para políticas locais.",Prazo com margem
eu-ft-horizon-miss-2027-06-soil-cancer,Living labs to monitor and mitigate carcinogenic substances in and originating from soils: Evaluating their effects on human cancer risks,Horizon Europe,2027-02-04,2027-09-21,"€24,000,000 total; até €12,000,000/projeto",EU Funding & Tenders Portal,https://ec.europa.eu/info/funding-tenders/opportunities/portal/screen/opportunities/topic-details/horizon-miss-2027-06-soil-cancer,"",Municípios ou autoridades locais,known,O texto da oportunidade indica requisitos de consórcio ou parceria; confirmar no aviso oficial.,"","Aviso Living labs to monitor and mitigate carcinogenic substances in and originating from soils: Evaluating their effects on human cancer risks publicado no portal EU Funding & Tenders. Consultar a página oficial para confirmar âmbito, elegibilidade e documentação.",environment,"{""scope""=>""unknown"", ""areas""=>[]}",59,A investigar,"Esta oportunidade é relevante porque aceita autarquias ou entidades públicas como candidatas, incide em temas relevantes para políticas locais.",Prazo com margem
eu-ft-horizon-cl6-2027-01-circbio-04,Capacity building for extending product lifecycles through repair and refurbishment,Horizon Europe,2027-04-20,2027-09-22,"€9,000,000 total; até €5,000,000/projeto",EU Funding & Tenders Portal,https://ec.europa.eu/info/funding-tenders/opportunities/portal/screen/opportunities/topic-details/horizon-cl6-2027-01-circbio-04,"",Municípios ou autoridades locais,known,O texto da oportunidade indica requisitos de consórcio ou parceria; confirmar no aviso oficial.,"","Aviso Capacity building for extending product lifecycles through repair and refurbishment publicado no portal EU Funding & Tenders. Consultar a página oficial para confirmar âmbito, elegibilidade e documentação.",environment,"{""scope""=>""unknown"", ""areas""=>[]}",59,A investigar,"Esta oportunidade é relevante porque aceita autarquias ou entidades públicas como candidatas, incide em temas relevantes para políticas locais.",Prazo com margem
eu-ft-horizon-cl6-2027-01-zeropollution-02,Developing effective air quality planning strategies through innovative multi-scale modelling,Horizon Europe,2027-04-20,2027-09-22,"€9,800,000 total; até €4,900,000/projeto",EU Funding & Tenders Portal,https://ec.europa.eu/info/funding-tenders/opportunities/portal/screen/opportunities/topic-details/horizon-cl6-2027-01-zeropollution-02,"",Entidades públicas,known,O texto da oportunidade indica requisitos de consórcio ou parceria; confirmar no aviso oficial.,"","Aviso Developing effective air quality planning strategies through innovative multi-scale modelling publicado no portal EU Funding & Tenders. Consultar a página oficial para confirmar âmbito, elegibilidade e documentação.",environment,"{""scope""=>""unknown"", ""areas""=>[]}",59,A investigar,"Esta oportunidade é relevante porque aceita autarquias ou entidades públicas como candidatas, incide em temas relevantes para políticas locais.",Prazo com margem
eu-ft-horizon-cl6-2027-01-circbio-05,"Innovative circular solutions for end-of-life footwear through collection, sorting and recycling",Horizon Europe,2027-04-20,2027-09-22,"€9,000,000 total; até €5,000,000/projeto",EU Funding & Tenders Portal,https://ec.europa.eu/info/funding-tenders/opportunities/portal/screen/opportunities/topic-details/horizon-cl6-2027-01-circbio-05,"",Municípios ou autoridades locais,known,"","","Aviso Innovative circular solutions for end-of-life footwear through collection, sorting and recycling publicado no portal EU Funding & Tenders. Consultar a página oficial para confirmar âmbito, elegibilidade e documentação.",environment,"{""scope""=>""unknown"", ""areas""=>[]}",59,A investigar,"Esta oportunidade é relevante porque aceita autarquias ou entidades públicas como candidatas, incide em temas relevantes para políticas locais.",Prazo com margem
eu-ft-horizon-cl6-2027-02-climate-03,Carbon farming innovation and scale-up,Horizon Europe,2027-04-20,2027-09-23,"€12,000,000 total; até €6,000,000/projeto",EU Funding & Tenders Portal,https://ec.europa.eu/info/funding-tenders/opportunities/portal/screen/opportunities/topic-details/horizon-cl6-2027-02-climate-03,"",Entidades públicas,known,"","","Aviso Carbon farming innovation and scale-up publicado no portal EU Funding & Tenders. Consultar a página oficial para confirmar âmbito, elegibilidade e documentação.",climate,"{""scope""=>""unknown"", ""areas""=>[]}",59,A investigar,"Esta oportunidade é relevante porque aceita autarquias ou entidades públicas como candidatas, incide em temas relevantes para políticas locais.",Prazo com margem
eu-ft-horizon-cl2-2027-01-heritage-03,Crafting routes to a circular economy,Horizon Europe,2027-05-13,2027-09-23,"€10,500,000 total; até €3,500,000/projeto",EU Funding & Tenders Portal,https://ec.europa.eu/info/funding-tenders/opportunities/portal/screen/opportunities/topic-details/horizon-cl2-2027-01-heritage-03,"",Municípios ou autoridades locais,known,O texto da oportunidade indica requisitos de consórcio ou parceria; confirmar no aviso oficial.,"","Aviso Crafting routes to a circular economy publicado no portal EU Funding & Tenders. Consultar a página oficial para confirmar âmbito, elegibilidade e documentação.",environment,"{""scope""=>""unknown"", ""areas""=>[]}",59,A investigar,"Esta oportunidade é relevante porque aceita autarquias ou entidades públicas como candidatas, incide em temas relevantes para políticas locais.",Prazo com margem
eu-ft-horizon-neb-2027-01-regen-02,"Sustainable, beautiful and healthy construction and renovation sites",Horizon Europe,2027-05-05,2027-12-01,"€8,000,000 total; até €4,000,000/projeto",EU Funding & Tenders Portal,https://ec.europa.eu/info/funding-tenders/opportunities/portal/screen/opportunities/topic-details/horizon-neb-2027-01-regen-02,"",Municípios ou autoridades locais,known,"","","Aviso Sustainable, beautiful and healthy construction and renovation sites publicado no portal EU Funding & Tenders. Consultar a página oficial para confirmar âmbito, elegibilidade e documentação.",environment,"{""scope""=>""unknown"", ""areas""=>[]}",59,A investigar,"Esta oportunidade é relevante porque aceita autarquias ou entidades públicas como candidatas, incide em temas relevantes para políticas locais.",Prazo com margem
eu-ft-horizon-cl5-2026-11-d3-04,De-risking renewable fuel technologies through transnational pre-commercial procurement of renewable fuel industrial value chains,Horizon Europe,2026-08-04,2026-12-01,"€40,000,000 total; até €40,000,000/projeto",EU Funding & Tenders Portal,https://ec.europa.eu/info/funding-tenders/opportunities/portal/screen/opportunities/topic-details/horizon-cl5-2026-11-d3-04,"",Municípios ou autoridades locais; Entidades públicas,known,O texto da oportunidade indica requisitos de consórcio ou parceria; confirmar no aviso oficial.,"","Aviso De-risking renewable fuel technologies through transnational pre-commercial procurement of renewable fuel industrial value chains publicado no portal EU Funding & Tenders. Consultar a página oficial para confirmar âmbito, elegibilidade e documentação.","","{""scope""=>""unknown"", ""areas""=>[]}",55,A investigar,Esta oportunidade é relevante porque aceita autarquias ou entidades públicas como candidatas.,Prazo com margem
eu-ft-horizon-cl5-2026-11-d3-05,Demonstration of solid biofuel supply and conversion to high efficiency CHP from fully sustainable regional value chains,Horizon Europe,2026-08-04,2026-12-01,"€13,500,000 total; até €6,750,000/projeto",EU Funding & Tenders Portal,https://ec.europa.eu/info/funding-tenders/opportunities/portal/screen/opportunities/topic-details/horizon-cl5-2026-11-d3-05,"",Municípios ou autoridades locais,known,O texto da oportunidade indica requisitos de consórcio ou parceria; confirmar no aviso oficial.,"","Aviso Demonstration of solid biofuel supply and conversion to high efficiency CHP from fully sustainable regional value chains publicado no portal EU Funding & Tenders. Consultar a página oficial para confirmar âmbito, elegibilidade e documentação.","","{""scope""=>""unknown"", ""areas""=>[]}",55,A investigar,Esta oportunidade é relevante porque aceita autarquias ou entidades públicas como candidatas.,Prazo com margem
eu-ft-horizon-neb-2026-01-regen-01,"Sustainable, inclusive, affordable and beautiful solutions for thermal comfort in buildings",Horizon Europe,2026-05-05,2026-12-01,"€12,000,000 total; até €4,000,000/projeto",EU Funding & Tenders Portal,https://ec.europa.eu/info/funding-tenders/opportunities/portal/screen/opportunities/topic-details/horizon-neb-2026-01-regen-01,"",Municípios ou autoridades locais,known,"","","Aviso Sustainable, inclusive, affordable and beautiful solutions for thermal comfort in buildings publicado no portal EU Funding & Tenders. Consultar a página oficial para confirmar âmbito, elegibilidade e documentação.","","{""scope""=>""unknown"", ""areas""=>[]}",55,A investigar,Esta oportunidade é relevante porque aceita autarquias ou entidades públicas como candidatas.,Prazo com margem
eu-ft-horizon-eit-2026-prize-wip-leadership,Women Leadership Category,Horizon Europe,2026-09-02,2026-12-01,"€100,000 total; até €50,000/projeto",EU Funding & Tenders Portal,https://ec.europa.eu/info/funding-tenders/opportunities/portal/screen/opportunities/topic-details/horizon-eit-2026-prize-wip-leadership,"",Entidades públicas,known,"","","Aviso Women Leadership Category publicado no portal EU Funding & Tenders. Consultar a página oficial para confirmar âmbito, elegibilidade e documentação.","","{""scope""=>""unknown"", ""areas""=>[]}",55,A investigar,Esta oportunidade é relevante porque aceita autarquias ou entidades públicas como candidatas.,Prazo com margem
pt2030-8550,Dinamização e realização de cursos de especialização de média duração (summer/ winter schools) em áreas prioritárias do Portugal 2030: edição 2027,PAT2030,2026-10-30,2026-12-11,"€500,000",Portugal 2030,https://portugal2030.pt/plano-anual-de-avisos/#aviso-8550,"",Entidades públicas; Entidades privadas,known,"",FEDER · Extra-Regio NUTS II,"Aviso Portugal 2030 para TASO7.1 - Assistência técnica; FEDER; Extra-Regio NUTS II. Consultar o plano oficial para confirmar condições, documentação e candidatura.","","{""scope""=>""national"", ""areas""=>[""Portugal""]}",55,A investigar,Esta oportunidade é relevante porque aceita autarquias ou entidades públicas como candidatas.,Prazo com margem
eu-ft-digital-eccc-2027-deploy-cyber-11-cyberai,"Cybersecure tools, technologies and services relying on AI",Europa Digital,2026-09-01,2027-01-14,"€15,000,000 total; até €5,000,000/projeto",EU Funding & Tenders Portal,https://ec.europa.eu/info/funding-tenders/opportunities/portal/screen/opportunities/topic-details/digital-eccc-2027-deploy-cyber-11-cyberai,"",Entidades públicas,known,O texto da oportunidade indica requisitos de consórcio ou parceria; confirmar no aviso oficial.,"","Aviso Cybersecure tools, technologies and services relying on AI publicado no portal EU Funding & Tenders. Consultar a página oficial para confirmar âmbito, elegibilidade e documentação.","","{""scope""=>""unknown"", ""areas""=>[]}",55,A investigar,Esta oportunidade é relevante porque aceita autarquias ou entidades públicas como candidatas.,Prazo com margem
eu-ft-digital-eccc-2027-deploy-cyber-11-ncc,Enhancing the NCC Network,Europa Digital,2026-09-01,2027-01-14,"€11,000,000 total; até €3,000,000/projeto",EU Funding & Tenders Portal,https://ec.europa.eu/info/funding-tenders/opportunities/portal/screen/opportunities/topic-details/digital-eccc-2027-deploy-cyber-11-ncc,"",Entidades públicas,known,O texto da oportunidade indica requisitos de consórcio ou parceria; confirmar no aviso oficial.,"","Aviso Enhancing the NCC Network publicado no portal EU Funding & Tenders. Consultar a página oficial para confirmar âmbito, elegibilidade e documentação.","","{""scope""=>""unknown"", ""areas""=>[]}",55,A investigar,Esta oportunidade é relevante porque aceita autarquias ou entidades públicas como candidatas.,Prazo com margem
eu-ft-digital-eccc-2027-deploy-cyber-11-regcabh,Regional Cable Hubs,Europa Digital,2026-09-01,2027-01-14,"€5,000,000 total; até €2,500,000/projeto",EU Funding & Tenders Portal,https://ec.europa.eu/info/funding-tenders/opportunities/portal/screen/opportunities/topic-details/digital-eccc-2027-deploy-cyber-11-regcabh,"",Entidades públicas,known,O texto da oportunidade indica requisitos de consórcio ou parceria; confirmar no aviso oficial.,"","Aviso Regional Cable Hubs publicado no portal EU Funding & Tenders. Consultar a página oficial para confirmar âmbito, elegibilidade e documentação.","","{""scope""=>""unknown"", ""areas""=>[]}",55,A investigar,Esta oportunidade é relevante porque aceita autarquias ou entidades públicas como candidatas.,Prazo com margem
eu-ft-horizon-widera-2027-04-widening-01,Excellence Hubs,Horizon Europe,2026-09-02,2027-03-04,"€100,000,000 total; até €4,500,000/projeto",EU Funding & Tenders Portal,https://ec.europa.eu/info/funding-tenders/opportunities/portal/screen/opportunities/topic-details/horizon-widera-2027-04-widening-01,"",Entidades públicas,known,O texto da oportunidade indica requisitos de consórcio ou parceria; confirmar no aviso oficial.,"","Aviso Excellence Hubs publicado no portal EU Funding & Tenders. Consultar a página oficial para confirmar âmbito, elegibilidade e documentação.","","{""scope""=>""unknown"", ""areas""=>[]}",55,A investigar,Esta oportunidade é relevante porque aceita autarquias ou entidades públicas como candidatas.,Prazo com margem
eu-ft-horizon-widera-2027-05-era-01,Pillar I: Facilitating development of institutional open access policies through the retention of intellectual property rights,Horizon Europe,2026-12-08,2027-03-11,"€2,000,000 total; até €2,000,000/projeto",EU Funding & Tenders Portal,https://ec.europa.eu/info/funding-tenders/opportunities/portal/screen/opportunities/topic-details/horizon-widera-2027-05-era-01,"",Municípios ou autoridades locais; Entidades públicas,known,O texto da oportunidade indica requisitos de consórcio ou parceria; confirmar no aviso oficial.,"","Aviso Pillar I: Facilitating development of institutional open access policies through the retention of intellectual property rights publicado no portal EU Funding & Tenders. Consultar a página oficial para confirmar âmbito, elegibilidade e documentação.","","{""scope""=>""unknown"", ""areas""=>[]}",55,A investigar,Esta oportunidade é relevante porque aceita autarquias ou entidades públicas como candidatas.,Prazo com margem
eu-ft-horizon-widera-2027-05-era-02,Pillar II: Talent ecosystems for attractive early research careers,Horizon Europe,2026-12-08,2027-03-11,"€29,000,000 total; até €4,000,000/projeto",EU Funding & Tenders Portal,https://ec.europa.eu/info/funding-tenders/opportunities/portal/screen/opportunities/topic-details/horizon-widera-2027-05-era-02,"",Municípios ou autoridades locais; Entidades públicas,known,O texto da oportunidade indica requisitos de consórcio ou parceria; confirmar no aviso oficial.,"","Aviso Pillar II: Talent ecosystems for attractive early research careers publicado no portal EU Funding & Tenders. Consultar a página oficial para confirmar âmbito, elegibilidade e documentação.","","{""scope""=>""unknown"", ""areas""=>[]}",55,A investigar,Esta oportunidade é relevante porque aceita autarquias ou entidades públicas como candidatas.,Prazo com margem
eu-ft-horizon-widera-2027-05-era-04,Pillar III: Promoting public engagement in R&I and scientific literacy,Horizon Europe,2026-12-08,2027-03-11,"€2,000,000 total; até €1,000,000/projeto",EU Funding & Tenders Portal,https://ec.europa.eu/info/funding-tenders/opportunities/portal/screen/opportunities/topic-details/horizon-widera-2027-05-era-04,"",Municípios ou autoridades locais; Entidades públicas,known,O texto da oportunidade indica requisitos de consórcio ou parceria; confirmar no aviso oficial.,"",Pillar III: Promoting public engagement in R&amp;I and scientific literacy,"","{""scope""=>""unknown"", ""areas""=>[]}",55,A investigar,Esta oportunidade é relevante porque aceita autarquias ou entidades públicas como candidatas.,Prazo com margem
eu-ft-horizon-widera-2027-05-era-03,Pillar III: Science comes to town 2029,Horizon Europe,2026-12-08,2027-03-11,"€6,000,000 total; até €6,000,000/projeto",EU Funding & Tenders Portal,https://ec.europa.eu/info/funding-tenders/opportunities/portal/screen/opportunities/topic-details/horizon-widera-2027-05-era-03,"",Municípios ou autoridades locais; Entidades públicas,known,O texto da oportunidade indica requisitos de consórcio ou parceria; confirmar no aviso oficial.,"","Aviso Pillar III: Science comes to town 2029 publicado no portal EU Funding & Tenders. Consultar a página oficial para confirmar âmbito, elegibilidade e documentação.","","{""scope""=>""unknown"", ""areas""=>[]}",55,A investigar,Esta oportunidade é relevante porque aceita autarquias ou entidades públicas como candidatas.,Prazo com margem
eu-ft-horizon-widera-2027-05-era-05,"Pillar IV: Upgrading the EU’s independent knowledge on China's Science, Technology and Innovation system",Horizon Europe,2026-12-08,2027-03-11,"€3,000,000 total; até €3,000,000/projeto",EU Funding & Tenders Portal,https://ec.europa.eu/info/funding-tenders/opportunities/portal/screen/opportunities/topic-details/horizon-widera-2027-05-era-05,"",Municípios ou autoridades locais; Entidades públicas,known,O texto da oportunidade indica requisitos de consórcio ou parceria; confirmar no aviso oficial.,"","Aviso Pillar IV: Upgrading the EU’s independent knowledge on China's Science, Technology and Innovation system publicado no portal EU Funding & Tenders. Consultar a página oficial para confirmar âmbito, elegibilidade e documentação.","","{""scope""=>""unknown"", ""areas""=>[]}",55,A investigar,Esta oportunidade é relevante porque aceita autarquias ou entidades públicas como candidatas.,Prazo com margem
eu-ft-horizon-cl4-2027-04-digital-emerging-04,"Apply AI: Challenge-Driven AI Innovation Booster in Apply AI prioritised sectors (RIA) (Partnership in AI, Data and Robotics)",Horizon Europe,2026-11-17,2027-03-18,"€42,000,000 total; até €14,000,000/projeto",EU Funding & Tenders Portal,https://ec.europa.eu/info/funding-tenders/opportunities/portal/screen/opportunities/topic-details/horizon-cl4-2027-04-digital-emerging-04,"",Entidades públicas,known,O texto da oportunidade indica requisitos de consórcio ou parceria; confirmar no aviso oficial.,"","Aviso Apply AI: Challenge-Driven AI Innovation Booster in Apply AI prioritised sectors (RIA) (Partnership in AI, Data and Robotics) publicado no portal EU Funding & Tenders. Consultar a página oficial para confirmar âmbito, elegibilidade e documentação.","","{""scope""=>""unknown"", ""areas""=>[]}",55,A investigar,Esta oportunidade é relevante porque aceita autarquias ou entidades públicas como candidatas.,Prazo com margem
eu-ft-horizon-cl5-2027-02-d3-08,"Co-funding Strategic Energy Technology (SET) Plan renewable fuel value chains at EU, national, regional, and local level",Horizon Europe,2026-12-03,2027-03-31,"€30,000,000 total; até €30,000,000/projeto",EU Funding & Tenders Portal,https://ec.europa.eu/info/funding-tenders/opportunities/portal/screen/opportunities/topic-details/horizon-cl5-2027-02-d3-08,"",Municípios ou autoridades locais; Entidades públicas,known,O texto da oportunidade indica requisitos de consórcio ou parceria; confirmar no aviso oficial.,"","Aviso Co-funding Strategic Energy Technology (SET) Plan renewable fuel value chains at EU, national, regional, and local level publicado no portal EU Funding & Tenders. Consultar a página oficial para confirmar âmbito, elegibilidade e documentação.","","{""scope""=>""unknown"", ""areas""=>[]}",55,A investigar,Esta oportunidade é relevante porque aceita autarquias ou entidades públicas como candidatas.,Prazo com margem
eu-ft-horizon-cl6-2027-02-climate-01-two-stage,Open topic: Innovative solutions for the European Water Resilience Strategy,Horizon Europe,2027-02-04,2027-04-08,"€11,000,000 total; até €5,500,000/projeto",EU Funding & Tenders Portal,https://ec.europa.eu/info/funding-tenders/opportunities/portal/screen/opportunities/topic-details/horizon-cl6-2027-02-climate-01-two-stage,"",Municípios ou autoridades locais,known,O texto da oportunidade indica requisitos de consórcio ou parceria; confirmar no aviso oficial.,"","Aviso Open topic: Innovative solutions for the European Water Resilience Strategy publicado no portal EU Funding & Tenders. Consultar a página oficial para confirmar âmbito, elegibilidade e documentação.","","{""scope""=>""unknown"", ""areas""=>[]}",55,A investigar,Esta oportunidade é relevante porque aceita autarquias ou entidades públicas como candidatas.,Prazo com margem
eu-ft-horizon-cl6-2027-02-farm2fork-02-two-stage,Optimising the water-nutrient-energy nexus for sustainable and climate smart agriculture in Africa (FNSSA),Horizon Europe,2027-02-04,2027-04-08,"€12,000,000 total; até €6,000,000/projeto",EU Funding & Tenders Portal,https://ec.europa.eu/info/funding-tenders/opportunities/portal/screen/opportunities/topic-details/horizon-cl6-2027-02-farm2fork-02-two-stage,"",Entidades públicas,known,O texto da oportunidade indica requisitos de consórcio ou parceria; confirmar no aviso oficial.,"","Aviso Optimising the water-nutrient-energy nexus for sustainable and climate smart agriculture in Africa (FNSSA) publicado no portal EU Funding & Tenders. Consultar a página oficial para confirmar âmbito, elegibilidade e documentação.","","{""scope""=>""unknown"", ""areas""=>[]}",55,A investigar,Esta oportunidade é relevante porque aceita autarquias ou entidades públicas como candidatas.,Prazo com margem
eu-ft-horizon-hlth-2027-01-disease-10,Prevention and management of chronic non-communicable diseases in children and young people (GACD),Horizon Europe,2027-02-10,2027-04-13,"€11,800,000 total; até €4,000,000/projeto",EU Funding & Tenders Portal,https://ec.europa.eu/info/funding-tenders/opportunities/portal/screen/opportunities/topic-details/horizon-hlth-2027-01-disease-10,"",Municípios ou autoridades locais,known,O texto da oportunidade indica requisitos de consórcio ou parceria; confirmar no aviso oficial.,"","Aviso Prevention and management of chronic non-communicable diseases in children and young people (GACD) publicado no portal EU Funding & Tenders. Consultar a página oficial para confirmar âmbito, elegibilidade e documentação.","","{""scope""=>""unknown"", ""areas""=>[]}",55,A investigar,Esta oportunidade é relevante porque aceita autarquias ou entidades públicas como candidatas.,Prazo com margem
eu-ft-horizon-cl2-2027-02-transfo-09-two-stage,Improving socio-economic outcomes for persons with dementia and informal caregivers,Horizon Europe,2027-03-02,2027-05-04,"€16,000,000 total; até €3,200,000/projeto",EU Funding & Tenders Portal,https://ec.europa.eu/info/funding-tenders/opportunities/portal/screen/opportunities/topic-details/horizon-cl2-2027-02-transfo-09-two-stage,"",Municípios ou autoridades locais,known,O texto da oportunidade indica requisitos de consórcio ou parceria; confirmar no aviso oficial.,"","Aviso Improving socio-economic outcomes for persons with dementia and informal caregivers publicado no portal EU Funding & Tenders. Consultar a página oficial para confirmar âmbito, elegibilidade e documentação.","","{""scope""=>""unknown"", ""areas""=>[]}",55,A investigar,Esta oportunidade é relevante porque aceita autarquias ou entidades públicas como candidatas.,Prazo com margem
eu-ft-horizon-cl6-2027-03-governance-03,International dimension of the circular bio-based economy: seeking win-win opportunities,Horizon Europe,2027-02-04,2027-05-11,"€3,000,000 total; até €3,000,000/projeto",EU Funding & Tenders Portal,https://ec.europa.eu/info/funding-tenders/opportunities/portal/screen/opportunities/topic-details/horizon-cl6-2027-03-governance-03,"",Municípios ou autoridades locais,known,O texto da oportunidade indica requisitos de consórcio ou parceria; confirmar no aviso oficial.,"","Aviso International dimension of the circular bio-based economy: seeking win-win opportunities publicado no portal EU Funding & Tenders. Consultar a página oficial para confirmar âmbito, elegibilidade e documentação.","","{""scope""=>""unknown"", ""areas""=>[]}",55,A investigar,Esta oportunidade é relevante porque aceita autarquias ou entidades públicas como candidatas.,Prazo com margem
eu-ft-horizon-infra-2027-tech-01-02,Pioneering Destination Earth for a Sustainable Future: Large-Scale Pilots and Demonstrators,Horizon Europe,2027-03-09,2027-06-15,"€30,000,000 total; até €12,000,000/projeto",EU Funding & Tenders Portal,https://ec.europa.eu/info/funding-tenders/opportunities/portal/screen/opportunities/topic-details/horizon-infra-2027-tech-01-02,"",Entidades públicas,known,O texto da oportunidade indica requisitos de consórcio ou parceria; confirmar no aviso oficial.,"","Aviso Pioneering Destination Earth for a Sustainable Future: Large-Scale Pilots and Demonstrators publicado no portal EU Funding & Tenders. Consultar a página oficial para confirmar âmbito, elegibilidade e documentação.","","{""scope""=>""unknown"", ""areas""=>[]}",55,A investigar,Esta oportunidade é relevante porque aceita autarquias ou entidades públicas como candidatas.,Prazo com margem
eu-ft-horizon-miss-2027-01-clima-01,Demonstrating transformative solutions to increase cross-border climate resilience,Horizon Europe,2027-02-09,2027-09-21,"€72,323,812 total; até €15,000,000/projeto",EU Funding & Tenders Portal,https://ec.europa.eu/info/funding-tenders/opportunities/portal/screen/opportunities/topic-details/horizon-miss-2027-01-clima-01,"",Municípios ou autoridades locais,known,O texto da oportunidade indica requisitos de consórcio ou parceria; confirmar no aviso oficial.,"","Aviso Demonstrating transformative solutions to increase cross-border climate resilience publicado no portal EU Funding & Tenders. Consultar a página oficial para confirmar âmbito, elegibilidade e documentação.","","{""scope""=>""unknown"", ""areas""=>[]}",55,A investigar,Esta oportunidade é relevante porque aceita autarquias ou entidades públicas como candidatas.,Prazo com margem
eu-ft-horizon-miss-2027-01-clima-02,Researching and applying the potential of Artificial Intelligence to foster climate resilience at the regional and local levels,Horizon Europe,2027-02-09,2027-09-21,"€12,000,000 total; até €3,000,000/projeto",EU Funding & Tenders Portal,https://ec.europa.eu/info/funding-tenders/opportunities/portal/screen/opportunities/topic-details/horizon-miss-2027-01-clima-02,"",Municípios ou autoridades locais,known,"","","Aviso Researching and applying the potential of Artificial Intelligence to foster climate resilience at the regional and local levels publicado no portal EU Funding & Tenders. Consultar a página oficial para confirmar âmbito, elegibilidade e documentação.","","{""scope""=>""unknown"", ""areas""=>[]}",55,A investigar,Esta oportunidade é relevante porque aceita autarquias ou entidades públicas como candidatas.,Prazo com margem
eu-ft-horizon-cl6-2027-01-circbio-07,Improving biomass flows for a sustainable and circular bioeconomy,Horizon Europe,2027-04-20,2027-09-22,"€14,000,000 total; até €7,000,000/projeto",EU Funding & Tenders Portal,https://ec.europa.eu/info/funding-tenders/opportunities/portal/screen/opportunities/topic-details/horizon-cl6-2027-01-circbio-07,"",Municípios ou autoridades locais,known,"","","Aviso Improving biomass flows for a sustainable and circular bioeconomy publicado no portal EU Funding & Tenders. Consultar a página oficial para confirmar âmbito, elegibilidade e documentação.","","{""scope""=>""unknown"", ""areas""=>[]}",55,A investigar,Esta oportunidade é relevante porque aceita autarquias ou entidades públicas como candidatas.,Prazo com margem
eu-ft-horizon-cl6-2027-01-zeropollution-01,Replacing hazardous substances in biocidal products,Horizon Europe,2027-04-20,2027-09-22,"€12,000,000 total; até €4,000,000/projeto",EU Funding & Tenders Portal,https://ec.europa.eu/info/funding-tenders/opportunities/portal/screen/opportunities/topic-details/horizon-cl6-2027-01-zeropollution-01,"",Entidades públicas,known,O texto da oportunidade indica requisitos de consórcio ou parceria; confirmar no aviso oficial.,"","Aviso Replacing hazardous substances in biocidal products publicado no portal EU Funding & Tenders. Consultar a página oficial para confirmar âmbito, elegibilidade e documentação.","","{""scope""=>""unknown"", ""areas""=>[]}",55,A investigar,Esta oportunidade é relevante porque aceita autarquias ou entidades públicas como candidatas.,Prazo com margem
eu-ft-horizon-cl2-2027-01-transfo-03,Rethinking sustainable competitiveness beyond traditional perspectives: role and contribution of the Social Economy,Horizon Europe,2027-05-13,2027-09-23,"€12,000,000 total; até €4,000,000/projeto",EU Funding & Tenders Portal,https://ec.europa.eu/info/funding-tenders/opportunities/portal/screen/opportunities/topic-details/horizon-cl2-2027-01-transfo-03,"",Entidades públicas,known,O texto da oportunidade indica requisitos de consórcio ou parceria; confirmar no aviso oficial.,"","Aviso Rethinking sustainable competitiveness beyond traditional perspectives: role and contribution of the Social Economy publicado no portal EU Funding & Tenders. Consultar a página oficial para confirmar âmbito, elegibilidade e documentação.","","{""scope""=>""unknown"", ""areas""=>[]}",55,A investigar,Esta oportunidade é relevante porque aceita autarquias ou entidades públicas como candidatas.,Prazo com margem
eu-ft-horizon-cl6-2027-02-farm2fork-07,Towards commercialization of food systems microbiome solutions,Horizon Europe,2027-04-20,2027-09-23,"€15,500,000 total; até €8,000,000/projeto",EU Funding & Tenders Portal,https://ec.europa.eu/info/funding-tenders/opportunities/portal/screen/opportunities/topic-details/horizon-cl6-2027-02-farm2fork-07,"",Entidades públicas,known,"","","Aviso Towards commercialization of food systems microbiome solutions publicado no portal EU Funding & Tenders. Consultar a página oficial para confirmar âmbito, elegibilidade e documentação.","","{""scope""=>""unknown"", ""areas""=>[]}",55,A investigar,Esta oportunidade é relevante porque aceita autarquias ou entidades públicas como candidatas.,Prazo com margem
eu-ft-horizon-cl5-2027-06-d6-05,European CCAM knowledge hub and tools for safe and scalable deployment (CCAM Partnership),Horizon Europe,2027-06-03,2027-10-07,"€4,000,000 total; até €4,000,000/projeto",EU Funding & Tenders Portal,https://ec.europa.eu/info/funding-tenders/opportunities/portal/screen/opportunities/topic-details/horizon-cl5-2027-06-d6-05,"",Entidades públicas,known,O texto da oportunidade indica requisitos de consórcio ou parceria; confirmar no aviso oficial.,"","Aviso European CCAM knowledge hub and tools for safe and scalable deployment (CCAM Partnership) publicado no portal EU Funding & Tenders. Consultar a página oficial para confirmar âmbito, elegibilidade e documentação.","","{""scope""=>""unknown"", ""areas""=>[]}",55,A investigar,Esta oportunidade é relevante porque aceita autarquias ou entidades públicas como candidatas.,Prazo com margem
eu-ft-horizon-cl3-2027-01-fct-05,Effective and evidence-based responses to the increased availability and use of synthetic drugs and stimulants in Europe,Horizon Europe,2027-05-05,2027-11-04,"€8,000,000 total; até €4,000,000/projeto",EU Funding & Tenders Portal,https://ec.europa.eu/info/funding-tenders/opportunities/portal/screen/opportunities/topic-details/horizon-cl3-2027-01-fct-05,"",Entidades públicas,known,O texto da oportunidade indica requisitos de consórcio ou parceria; confirmar no aviso oficial.,"","Aviso Effective and evidence-based responses to the increased availability and use of synthetic drugs and stimulants in Europe publicado no portal EU Funding & Tenders. Consultar a página oficial para confirmar âmbito, elegibilidade e documentação.","","{""scope""=>""unknown"", ""areas""=>[]}",55,A investigar,Esta oportunidade é relevante porque aceita autarquias ou entidades públicas como candidatas.,Prazo com margem
eu-ft-horizon-cl3-2027-01-drs-03,Enhancing decision support system for disaster crises: leveraging emerging technologies for improved civil preparedness and crisis management,Horizon Europe,2027-05-05,2027-11-04,"€9,000,000 total; até €3,000,000/projeto",EU Funding & Tenders Portal,https://ec.europa.eu/info/funding-tenders/opportunities/portal/screen/opportunities/topic-details/horizon-cl3-2027-01-drs-03,"",Municípios ou autoridades locais; Entidades públicas,known,O texto da oportunidade indica requisitos de consórcio ou parceria; confirmar no aviso oficial.,"","Aviso Enhancing decision support system for disaster crises: leveraging emerging technologies for improved civil preparedness and crisis management publicado no portal EU Funding & Tenders. Consultar a página oficial para confirmar âmbito, elegibilidade e documentação.","","{""scope""=>""unknown"", ""areas""=>[]}",55,A investigar,Esta oportunidade é relevante porque aceita autarquias ou entidades públicas como candidatas.,Prazo com margem
eu-ft-horizon-cl3-2027-01-drs-04,Enhancing preparedness for large-scale cross-border disasters,Horizon Europe,2027-05-05,2027-11-04,"€8,000,000 total; até €4,000,000/projeto",EU Funding & Tenders Portal,https://ec.europa.eu/info/funding-tenders/opportunities/portal/screen/opportunities/topic-details/horizon-cl3-2027-01-drs-04,"",Entidades públicas,known,O texto da oportunidade indica requisitos de consórcio ou parceria; confirmar no aviso oficial.,"","Aviso Enhancing preparedness for large-scale cross-border disasters publicado no portal EU Funding & Tenders. Consultar a página oficial para confirmar âmbito, elegibilidade e documentação.","","{""scope""=>""unknown"", ""areas""=>[]}",55,A investigar,Esta oportunidade é relevante porque aceita autarquias ou entidades públicas como candidatas.,Prazo com margem
eu-ft-horizon-cl3-2027-01-fct-01,Online harms detection and investigation tools using a short development cycle model,Horizon Europe,2027-05-05,2027-11-04,"€7,833,000 total; até €7,833,000/projeto",EU Funding & Tenders Portal,https://ec.europa.eu/info/funding-tenders/opportunities/portal/screen/opportunities/topic-details/horizon-cl3-2027-01-fct-01,"",Entidades públicas,known,O texto da oportunidade indica requisitos de consórcio ou parceria; confirmar no aviso oficial.,"","Aviso Online harms detection and investigation tools using a short development cycle model publicado no portal EU Funding & Tenders. Consultar a página oficial para confirmar âmbito, elegibilidade e documentação.","","{""scope""=>""unknown"", ""areas""=>[]}",55,A investigar,Esta oportunidade é relevante porque aceita autarquias ou entidades públicas como candidatas.,Prazo com margem
eu-ft-horizon-neb-2027-01-regen-01,"Combining conventional and innovative construction materials, products and techniques for sustainable and beautiful buildings",Horizon Europe,2027-05-05,2027-12-01,"€12,000,000 total; até €4,000,000/projeto",EU Funding & Tenders Portal,https://ec.europa.eu/info/funding-tenders/opportunities/portal/screen/opportunities/topic-details/horizon-neb-2027-01-regen-01,"",Municípios ou autoridades locais,known,"","","Aviso Combining conventional and innovative construction materials, products and techniques for sustainable and beautiful buildings publicado no portal EU Funding & Tenders. Consultar a página oficial para confirmar âmbito, elegibilidade e documentação.","","{""scope""=>""unknown"", ""areas""=>[]}",55,A investigar,Esta oportunidade é relevante porque aceita autarquias ou entidades públicas como candidatas.,Prazo com margem
eui-dut-call-2026-a-funding-opportunity-for-transformative-urban-research-and-innova,DUT Call 2026 - A funding opportunity for transformative urban research and innovation,European Urban Initiative,,2026-11-17,"€1,000,000",European Urban Initiative,https://dutpartnership.eu/calls/dut-call-2026,"","",unknown,Confirm partnership requirements in the official call.,Open · &nbsp; grant Funding support :&nbsp; Around €1-2 million Find out more,Resumo limitado; consultar a página oficial da oportunidade.,climate; community_development,"{""scope""=>""unknown"", ""areas""=>[]}",39,Prioridade baixa,Prioridade baixa: faltam sinais fortes de elegibilidade ou alinhamento municipal nos dados disponíveis.,Prazo próximo
imt-mobility-https-www-imt-ip-pt-concurso-aviso-n-o-6-2024-aviso-a-implementacao-do-projeto-1bilhete-pt,Aviso n.º 1/2025 – Apoio à Descarbonização e Digitalização do Setor do Táxi,Fundo para a Mobilidade e Transportes,,,"",Fundo para a Mobilidade e Transportes (IMT),https://www.imt-ip.pt/concurso/aviso-n-o-6-2024-aviso-a-implementacao-do-projeto-1bilhete-pt/,https://www.imt-ip.pt/wp-content/uploads/2025/11/Aviso_N.o_1_2025_Apoio_a_Descarbonizacao_e_Digitalizacao_do_Setor_do_Taxi_v3.pdf,Entidades privadas,known,Confirmar os requisitos de parceria no aviso oficial.,"",Resumo limitado; consultar a documentação oficial da oportunidade.,climate; digital_public_services; environment; inclusion; mobility,"{""scope""=>""unknown"", ""areas""=>[]}",36,Prioridade baixa,Prioridade baixa: faltam sinais fortes de elegibilidade ou alinhamento municipal nos dados disponíveis.,Prazo por confirmar
imt-mobility-https-www-imt-ip-pt-concurso-aviso-n-o-1-2026-apoio-ao-desenvolvimento-de-projetos-piloto-,Aviso n.º 1/2026 – Apoio ao Desenvolvimento de Projetos Piloto de Logística Urbana,Fundo para a Mobilidade e Transportes,,,"",Fundo para a Mobilidade e Transportes (IMT),https://www.imt-ip.pt/concurso/aviso-n-o-1-2026-apoio-ao-desenvolvimento-de-projetos-piloto-de-logistica-urbana/,https://www.imt-ip.pt/wp-content/uploads/2026/07/Aviso_n.o_1_2026_Apoio_ao_Desenvolvimento_de_Projetos_Piloto_de_Logistica_Urbana.pdf,Entidades privadas,known,Confirmar os requisitos de parceria no aviso oficial.,"",Resumo limitado; consultar a documentação oficial da oportunidade.,climate; community_development; digital_public_services; environment; inclusion; mobility; public_space,"{""scope""=>""unknown"", ""areas""=>[]}",36,Prioridade baixa,Prioridade baixa: faltam sinais fortes de elegibilidade ou alinhamento municipal nos dados disponíveis.,Prazo por confirmar
imt-mobility-https-www-imt-ip-pt-concurso-https-www-imt-ip-pt-wp-content-uploads-2025-06-aviso-n-o-2-20,Aviso n.º 2/2025 – Apoio à Modernização de Paragens de Transporte Público,Fundo para a Mobilidade e Transportes,,,"",Fundo para a Mobilidade e Transportes (IMT),https://www.imt-ip.pt/concurso/https-www-imt-ip-pt-wp-content-uploads-2025-06-aviso_n-o_2_2025_v2-pdf/,https://www.imt-ip.pt/wp-content/uploads/2025/01/Aviso_N.o_2_2025_Abrigos_v3.pdf,Entidades privadas,known,Confirmar os requisitos de parceria no aviso oficial.,"",Resumo limitado; consultar a documentação oficial da oportunidade.,climate; digital_public_services; environment; inclusion; mobility; public_space,"{""scope""=>""unknown"", ""areas""=>[]}",36,Prioridade baixa,Prioridade baixa: faltam sinais fortes de elegibilidade ou alinhamento municipal nos dados disponíveis.,Prazo por confirmar
imt-mobility-https-www-imt-ip-pt-concurso-aviso-n-o-2-2026-apoio-a-implementacao-de-medidas-de-melhoria,Aviso n.º 2/2026 – Apoio à Implementação de Medidas de Melhoria da Mobilidade Escolar,Fundo para a Mobilidade e Transportes,,,"",Fundo para a Mobilidade e Transportes (IMT),https://www.imt-ip.pt/concurso/aviso-n-o-2-2026-apoio-a-implementacao-de-medidas-de-melhoria-da-mobilidade-escolar/,https://www.imt-ip.pt/wp-content/uploads/2026/07/Aviso_2_2026_Apoio_a_Implementacao_de_Medidas_de_Melhoria_da_Mobilidade_Escolar.pdf,Entidades privadas,known,Confirmar os requisitos de parceria no aviso oficial.,"",Resumo limitado; consultar a documentação oficial da oportunidade.,climate; community_development; digital_public_services; environment; inclusion; mobility,"{""scope""=>""unknown"", ""areas""=>[]}",36,Prioridade baixa,Prioridade baixa: faltam sinais fortes de elegibilidade ou alinhamento municipal nos dados disponíveis.,Prazo por confirmar
imt-mobility-https-www-imt-ip-pt-concurso-aviso-n-o-3-2025-apoio-a-implementacao-de-medidas-de-melhoria,Aviso n.º 3/2025 – Apoio à Implementação de Medidas de Melhoria da Mobilidade Escolar,Fundo para a Mobilidade e Transportes,,,"",Fundo para a Mobilidade e Transportes (IMT),https://www.imt-ip.pt/concurso/aviso-n-o-3-2025-apoio-a-implementacao-de-medidas-de-melhoria-da-mobilidade-escolar-2/,https://www.imt-ip.pt/wp-content/uploads/2025/04/Aviso-3_2025-MobilidadeEscolar.pdf,Entidades privadas,known,Confirmar os requisitos de parceria no aviso oficial.,"",Resumo limitado; consultar a documentação oficial da oportunidade.,climate; community_development; digital_public_services; environment; inclusion; mobility,"{""scope""=>""unknown"", ""areas""=>[]}",36,Prioridade baixa,Prioridade baixa: faltam sinais fortes de elegibilidade ou alinhamento municipal nos dados disponíveis.,Prazo por confirmar
imt-mobility-https-www-imt-ip-pt-concurso-aviso-n-o-3-2026-apoio-a-descarbonizacao-do-setor-do-taxi,Aviso n.º 3/2026 – Apoio à Descarbonização do Setor do Táxi,Fundo para a Mobilidade e Transportes,,,"",Fundo para a Mobilidade e Transportes (IMT),https://www.imt-ip.pt/concurso/aviso-n-o-3-2026-apoio-a-descarbonizacao-do-setor-do-taxi/,https://www.imt-ip.pt/wp-content/uploads/2026/07/Aviso_N.o_3_2026_Apoio_a_Descarbonizacao_do_Setor_do_Taxis.pdf,Entidades privadas,known,Confirmar os requisitos de parceria no aviso oficial.,"",Resumo limitado; consultar a documentação oficial da oportunidade.,climate; digital_public_services; environment; inclusion; mobility,"{""scope""=>""unknown"", ""areas""=>[]}",36,Prioridade baixa,Prioridade baixa: faltam sinais fortes de elegibilidade ou alinhamento municipal nos dados disponíveis.,Prazo por confirmar
imt-mobility-https-www-imt-ip-pt-concurso-aviso-n-o-4-2025-apoio-a-aquisicao-de-tacografos-digitais-2-g,Aviso n.º 4/2025 – Apoio à Aquisição de Tacógrafos Digitais de 2ª Geração,Fundo para a Mobilidade e Transportes,,,"",Fundo para a Mobilidade e Transportes (IMT),https://www.imt-ip.pt/concurso/aviso-n-o-4-2025-apoio-a-aquisicao-de-tacografos-digitais-2-geracao/,https://www.imt-ip.pt/wp-content/uploads/2025/09/Aviso_4_2025_ApoioAquisicaoDeTacografosDigitaisDe_2a_Geracao_v2.pdf,Entidades privadas,known,Confirmar os requisitos de parceria no aviso oficial.,"",Resumo limitado; consultar a documentação oficial da oportunidade.,climate; digital_public_services; environment; inclusion; mobility,"{""scope""=>""unknown"", ""areas""=>[]}",36,Prioridade baixa,Prioridade baixa: faltam sinais fortes de elegibilidade ou alinhamento municipal nos dados disponíveis.,Prazo por confirmar
imt-mobility-https-www-imt-ip-pt-concurso-aviso-n-o-5-2025-apoio-a-aquisicao-de-contadores-automaticos-,Aviso n.º 5/2025 – Apoio à Aquisição de Contadores Automáticos de Modos Ativos de Transporte,Fundo para a Mobilidade e Transportes,,,"",Fundo para a Mobilidade e Transportes (IMT),https://www.imt-ip.pt/concurso/aviso-n-o-5-2025-apoio-a-aquisicao-de-contadores-automaticos-de-modos-ativos-de-transporte/,https://www.imt-ip.pt/wp-content/uploads/2026/01/Aviso_5_2025_ApoioAquisicaoDeContadoresAutomaticosDeModosAtivosDeTransporte.pdf,Entidades privadas,known,Confirmar os requisitos de parceria no aviso oficial.,"",Resumo limitado; consultar a documentação oficial da oportunidade.,climate; digital_public_services; environment; inclusion; mobility,"{""scope""=>""unknown"", ""areas""=>[]}",36,Prioridade baixa,Prioridade baixa: faltam sinais fortes de elegibilidade ou alinhamento municipal nos dados disponíveis.,Prazo por confirmar
imt-mobility-https-www-imt-ip-pt-concurso-aviso-no-4-2026-apoio-a-recuperacao-e-instalacao-de-infraestr,Aviso nº 4/2026 – Apoio à Recuperação e Instalação de Infraestruturas de Mobilidade e Transportes,Fundo para a Mobilidade e Transportes,,,"",Fundo para a Mobilidade e Transportes (IMT),https://www.imt-ip.pt/concurso/aviso-no-4-2026-apoio-a-recuperacao-e-instalacao-de-infraestruturas-de-mobilidade-e-transportes/,https://www.imt-ip.pt/wp-content/uploads/2026/08/Aviso_4_2026_Apoio-a-Recuperacao-e-Instalacao-de-Infraestruturas-de-Mobilidade-e-Transportes-1.pdf,Entidades privadas,known,Confirmar os requisitos de parceria no aviso oficial.,"",Resumo limitado; consultar a documentação oficial da oportunidade.,climate; digital_public_services; environment; inclusion; mobility,"{""scope""=>""unknown"", ""areas""=>[]}",36,Prioridade baixa,Prioridade baixa: faltam sinais fortes de elegibilidade ou alinhamento municipal nos dados disponíveis.,Prazo por confirmar
imt-mobility-https-www-imt-ip-pt-concurso-aviso-no-5-2026-apoio-a-digitalizacao-e-normalizacao-de-dados,Aviso nº 5/2026 – Apoio à Digitalização e Normalização de Dados de Transporte Público,Fundo para a Mobilidade e Transportes,,,"",Fundo para a Mobilidade e Transportes (IMT),https://www.imt-ip.pt/concurso/aviso-no-5-2026-apoio-a-digitalizacao-e-normalizacao-de-dados-de-transporte-publico/,https://www.imt-ip.pt/wp-content/uploads/2026/08/Aviso_5_2026_Apoio-a-Digitalizacao-e-Normalizacao-de-Dados-de-Transporte-Publico.pdf,Entidades privadas,known,Confirmar os requisitos de parceria no aviso oficial.,"",Resumo limitado; consultar a documentação oficial da oportunidade.,climate; digital_public_services; environment; inclusion; mobility,"{""scope""=>""unknown"", ""areas""=>[]}",36,Prioridade baixa,Prioridade baixa: faltam sinais fortes de elegibilidade ou alinhamento municipal nos dados disponíveis.,Prazo por confirmar
eui-call-for-twin-cities-cohort-2,Call for Twin Cities Cohort 2,European Urban Initiative,,,"",European Urban Initiative,https://netzerocities.eu/twinning-learning-programme/,"","",unknown,Confirm partnership requirements in the official call.,Open · &nbsp; other Find out more,Resumo limitado; consultar a página oficial da oportunidade.,community_development,"{""scope""=>""unknown"", ""areas""=>[]}",31,Prioridade baixa,Prioridade baixa: faltam sinais fortes de elegibilidade ou alinhamento municipal nos dados disponíveis.,Prazo por confirmar
pt2030-8514,SIID - I&D Empresarial - Operações Individuais e em Copromoção,COMPETE2030 / NORTE2030 / CENTRO2030 / LISBOA2030 / ALENTEJO2030 / ALGARVE2030,2026-09-30,2026-12-31,"€40,000,000",Portugal 2030,https://portugal2030.pt/plano-anual-de-avisos/#aviso-8514,"",Entidades privadas,known,"",FEDER · Norte | Centro | Algarve | Alentejo | AML,"Aviso Portugal 2030 para RSO1.1 - Promover a investigação e a inovação; FEDER; Norte | Centro | Algarve | Alentejo | AML. Consultar o plano oficial para confirmar condições, documentação e candidatura.",digital_public_services,"{""scope""=>""regional"", ""areas""=>[""Área Metropolitana de Lisboa""]}",24,Prioridade baixa,Prioridade baixa: faltam sinais fortes de elegibilidade ou alinhamento municipal nos dados disponíveis.,Prazo com margem
pt2030-8503,Capacitação dos Parceiros da Comissão Permanente de Concertação Social (CPCS),PESSOAS2030,2027-01-01,2027-04-30,"€2,594,116",Portugal 2030,https://portugal2030.pt/plano-anual-de-avisos/#aviso-8503,"",Entidades privadas,known,"",FSE+ · AML | Alentejo | Centro | Algarve | Norte,"Aviso Portugal 2030 para ESO4.1 - Acesso ao emprego e medidas de ativação para todos; FSE+; AML | Alentejo | Centro | Algarve | Norte. Consultar o plano oficial para confirmar condições, documentação e candidatura.",inclusion,"{""scope""=>""regional"", ""areas""=>[""Área Metropolitana de Lisboa""]}",23,Prioridade baixa,Prioridade baixa: faltam sinais fortes de elegibilidade ou alinhamento municipal nos dados disponíveis.,Prazo com margem
pt2030-8551,PPC 2026,MAR2030,2026-09-15,2026-12-30,"€1,500,000",Portugal 2030,https://portugal2030.pt/plano-anual-de-avisos/#aviso-8551,"",Entidades privadas,known,"",FEAMPA · Norte | Extra-Regio NUTS II | RAM | RAA | Alentejo | AML | Centro | Algarve,"Aviso Portugal 2030 para FSO2.2 - Comercialização e transformação - Pesca e Aquicultura; FEAMPA; Norte | Extra-Regio NUTS II | RAM | RAA | Alentejo | AML | Centro | Algarve. Consultar o plano oficial para confirmar condições, documentação e candidatura.",environment,"{""scope""=>""regional"", ""areas""=>[""Área Metropolitana de Lisboa""]}",22,Prioridade baixa,Prioridade baixa: faltam sinais fortes de elegibilidade ou alinhamento municipal nos dados disponíveis.,Prazo com margem
eui-eui-ongoing-call-for-peer-reviewers,EUI ongoing Call for peer reviewers,European Urban Initiative,,2028-12-31,"",European Urban Initiative,https://www.urban-initiative.eu/capacity-building/peer-reviews/ongoing-call-peer-reviews,"","",unknown,"",Open · &nbsp; other Find out more,Resumo limitado; consultar a página oficial da oportunidade.,community_development; public_space,"{""scope""=>""unknown"", ""areas""=>[]}",21,Prioridade baixa,Prioridade baixa: faltam sinais fortes de elegibilidade ou alinhamento municipal nos dados disponíveis.,Prazo com margem
eui-call-for-action-planning-networks,Call for Action Planning Networks,European Urban Initiative,,,"",European Urban Initiative,https://portico.urban-initiative.eu/urban-panorama/call-for-proposals,"","",unknown,Confirm partnership requirements in the official call.,Upcoming · &nbsp; grant,Resumo limitado; consultar a página oficial da oportunidade.,community_development,"{""scope""=>""unknown"", ""areas""=>[]}",16,Prioridade baixa,Prioridade baixa: faltam sinais fortes de elegibilidade ou alinhamento municipal nos dados disponíveis.,Prazo por confirmar
